brand,country,vertical,device,sov
KAYAK,Afghanistan,Flights,ALL,1.25%
Hotelscombined,Afghanistan,Flights,ALL,11.60%
CheapFlights,Afghanistan,Flights,ALL,0.54%
Momondo,Afghanistan,Flights,ALL,0.71%
Hotelscombined,Afghanistan,Hotel,ALL,11.81%
KAYAK,Afghanistan,Hotel,ALL,6.64%
Momondo,Afghanistan,Hotel,ALL,1.48%
KAYAK,Afghanistan,Hotel Citywide,ALL,5.58%
Momondo,Afghanistan,Hotel Citywide,ALL,2.49%
Hotelscombined,Afghanistan,Hotel Citywide,ALL,1.42%
KAYAK,Albania,Car Rentals,ALL,23.42%
Momondo,Albania,Car Rentals,ALL,4.04%
KAYAK,Albania,Flights,ALL,9.94%
CheapFlights,Albania,Flights,ALL,2.71%
Hotelscombined,Albania,Flights,ALL,11.14%
Momondo,Albania,Flights,ALL,3.82%
Momondo,Albania,Hotel,ALL,3.13%
Hotelscombined,Albania,Hotel,ALL,9.80%
KAYAK,Albania,Hotel,ALL,2.38%
KAYAK,Albania,Hotel Citywide,ALL,6.41%
Momondo,Albania,Hotel Citywide,ALL,2.20%
Hotelscombined,Albania,Hotel Citywide,ALL,5.24%
KAYAK,Algeria,Car Rentals,ALL,21.86%
Momondo,Algeria,Car Rentals,ALL,3.12%
CheapFlights,Algeria,Flights,ALL,0.30%
Hotelscombined,Algeria,Flights,ALL,4.45%
KAYAK,Algeria,Flights,ALL,0.30%
Momondo,Algeria,Flights,ALL,0.13%
Momondo,Algeria,Hotel,ALL,3.96%
KAYAK,Algeria,Hotel,ALL,6.28%
Hotelscombined,Algeria,Hotel,ALL,6.47%
KAYAK,Algeria,Hotel Citywide,ALL,4.44%
Momondo,Algeria,Hotel Citywide,ALL,2.70%
Hotelscombined,Algeria,Hotel Citywide,ALL,5.69%
Momondo,American Samoa,Flights,ALL,9.27%
CheapFlights,American Samoa,Flights,ALL,3.57%
KAYAK,American Samoa,Flights,ALL,2.85%
Hotelscombined,American Samoa,Flights,ALL,2.85%
KAYAK,American Samoa,Hotel,ALL,4.57%
Hotelscombined,American Samoa,Hotel,ALL,11.24%
Momondo,American Samoa,Hotel,ALL,1.41%
KAYAK,American Samoa,Hotel Citywide,ALL,7.28%
Momondo,American Samoa,Hotel Citywide,ALL,1.97%
Hotelscombined,American Samoa,Hotel Citywide,ALL,4.54%
Momondo,Andorra,Car Rentals,ALL,12.50%
KAYAK,Andorra,Car Rentals,ALL,12.50%
KAYAK,Andorra,Flights,ALL,13.25%
CheapFlights,Andorra,Flights,ALL,4.42%
Momondo,Andorra,Flights,ALL,4.71%
Hotelscombined,Andorra,Flights,ALL,3.84%
Momondo,Andorra,Hotel,ALL,2.16%
Hotelscombined,Andorra,Hotel,ALL,9.30%
KAYAK,Andorra,Hotel,ALL,1.97%
KAYAK,Andorra,Hotel Citywide,ALL,8.59%
Momondo,Andorra,Hotel Citywide,ALL,5.15%
Hotelscombined,Andorra,Hotel Citywide,ALL,3.41%
KAYAK,Angola,Car Rentals,ALL,19.11%
Momondo,Angola,Car Rentals,ALL,6.62%
KAYAK,Angola,Flights,ALL,15.48%
Momondo,Angola,Flights,ALL,5.71%
CheapFlights,Angola,Flights,ALL,3.30%
Hotelscombined,Angola,Flights,ALL,4.82%
Momondo,Angola,Hotel,ALL,3.62%
KAYAK,Angola,Hotel,ALL,8.14%
Hotelscombined,Angola,Hotel,ALL,6.35%
KAYAK,Angola,Hotel Citywide,ALL,10.17%
Momondo,Angola,Hotel Citywide,ALL,3.57%
Hotelscombined,Angola,Hotel Citywide,ALL,1.56%
KAYAK,Anguilla,Flights,ALL,2.00%
Momondo,Anguilla,Flights,ALL,0.44%
Hotelscombined,Anguilla,Flights,ALL,7.32%
CheapFlights,Anguilla,Flights,ALL,0.44%
Hotelscombined,Anguilla,Hotel,ALL,9.37%
Momondo,Anguilla,Hotel,ALL,2.08%
KAYAK,Anguilla,Hotel,ALL,4.68%
KAYAK,Anguilla,Hotel Citywide,ALL,7.02%
Momondo,Anguilla,Hotel Citywide,ALL,1.71%
Hotelscombined,Anguilla,Hotel Citywide,ALL,3.26%
CheapFlights,Anguilla,Hotel Citywide,ALL,0.21%
Momondo,Antigua and Barbuda,Car Rentals,ALL,25.00%
KAYAK,Antigua and Barbuda,Flights,ALL,1.74%
CheapFlights,Antigua and Barbuda,Flights,ALL,0.99%
Momondo,Antigua and Barbuda,Flights,ALL,0.99%
Hotelscombined,Antigua and Barbuda,Flights,ALL,8.26%
Hotelscombined,Antigua and Barbuda,Hotel,ALL,9.54%
Momondo,Antigua and Barbuda,Hotel,ALL,3.22%
KAYAK,Antigua and Barbuda,Hotel,ALL,3.99%
KAYAK,Antigua and Barbuda,Hotel Citywide,ALL,5.87%
Momondo,Antigua and Barbuda,Hotel Citywide,ALL,2.36%
Hotelscombined,Antigua and Barbuda,Hotel Citywide,ALL,1.95%
CheapFlights,Antigua and Barbuda,Hotel Citywide,ALL,0.04%
KAYAK,Argentina,Car Rentals,ALL,23.11%
Momondo,Argentina,Car Rentals,ALL,4.82%
Momondo,Argentina,Flights,ALL,7.39%
KAYAK,Argentina,Flights,ALL,9.97%
CheapFlights,Argentina,Flights,ALL,0.18%
Hotelscombined,Argentina,Flights,ALL,0.09%
Momondo,Argentina,Hotel,ALL,7.45%
Hotelscombined,Argentina,Hotel,ALL,8.96%
KAYAK,Argentina,Hotel,ALL,3.43%
Momondo,Argentina,Hotel Citywide,ALL,4.62%
Hotelscombined,Argentina,Hotel Citywide,ALL,3.98%
KAYAK,Argentina,Hotel Citywide,ALL,0.48%
Hotelscombined,Argentina,Vacations,ALL,16.68%
KAYAK,Armenia,Car Rentals,ALL,25.00%
Momondo,Armenia,Car Rentals,ALL,25.00%
KAYAK,Armenia,Flights,ALL,5.93%
Momondo,Armenia,Flights,ALL,2.86%
Hotelscombined,Armenia,Flights,ALL,11.66%
CheapFlights,Armenia,Flights,ALL,1.12%
KAYAK,Armenia,Hotel,ALL,8.95%
Momondo,Armenia,Hotel,ALL,1.60%
Hotelscombined,Armenia,Hotel,ALL,9.16%
KAYAK,Armenia,Hotel Citywide,ALL,6.44%
Momondo,Armenia,Hotel Citywide,ALL,2.19%
Hotelscombined,Armenia,Hotel Citywide,ALL,2.52%
KAYAK,Aruba,Car Rentals,ALL,18.75%
Momondo,Aruba,Car Rentals,ALL,6.25%
KAYAK,Aruba,Flights,ALL,1.38%
Hotelscombined,Aruba,Flights,ALL,7.01%
CheapFlights,Aruba,Flights,ALL,0.52%
Momondo,Aruba,Flights,ALL,0.39%
KAYAK,Aruba,Hotel,ALL,6.42%
Hotelscombined,Aruba,Hotel,ALL,10.93%
Momondo,Aruba,Hotel,ALL,2.28%
KAYAK,Aruba,Hotel Citywide,ALL,7.94%
Momondo,Aruba,Hotel Citywide,ALL,1.78%
Hotelscombined,Aruba,Hotel Citywide,ALL,3.12%
CheapFlights,Aruba,Hotel Citywide,ALL,0.01%
KAYAK,Australia,Car Rentals,ALL,24.44%
CheapFlights,Australia,Flights,ALL,12.02%
KAYAK,Australia,Flights,ALL,5.89%
Momondo,Australia,Flights,ALL,3.98%
Travelsearch,Australia,Flights,ALL,9.77%
Hotelscombined,Australia,Flights,ALL,0.44%
KAYAK,Australia,Hotel,ALL,27.00%
Momondo,Australia,Hotel,ALL,6.64%
Hotelscombined,Australia,Hotel,ALL,34.90%
KAYAK,Australia,Hotel Citywide,ALL,4.12%
Momondo,Australia,Hotel Citywide,ALL,3.96%
Hotelscombined,Australia,Hotel Citywide,ALL,1.89%
Hotelscombined,Australia,Vacations,ALL,14.90%
KAYAK,Austria,Car Rentals,ALL,24.82%
KAYAK,Austria,Flights,ALL,10.54%
Momondo,Austria,Flights,ALL,15.57%
CheapFlights,Austria,Flights,ALL,1.38%
Hotelscombined,Austria,Flights,ALL,0.40%
KAYAK,Austria,Hotel,ALL,13.09%
Hotelscombined,Austria,Hotel,ALL,10.47%
Momondo,Austria,Hotel,ALL,0.09%
KAYAK,Austria,Hotel Citywide,ALL,6.00%
Hotelscombined,Austria,Hotel Citywide,ALL,5.08%
Momondo,Austria,Hotel Citywide,ALL,4.52%
Hotelscombined,Austria,Vacations,ALL,3.56%
Momondo,Azerbaijan,Car Rentals,ALL,12.50%
KAYAK,Azerbaijan,Car Rentals,ALL,12.50%
KAYAK,Azerbaijan,Flights,ALL,2.90%
Momondo,Azerbaijan,Flights,ALL,1.21%
Hotelscombined,Azerbaijan,Flights,ALL,10.71%
CheapFlights,Azerbaijan,Flights,ALL,0.98%
KAYAK,Azerbaijan,Hotel,ALL,8.52%
Hotelscombined,Azerbaijan,Hotel,ALL,6.72%
Momondo,Azerbaijan,Hotel,ALL,1.93%
KAYAK,Azerbaijan,Hotel Citywide,ALL,6.39%
Momondo,Azerbaijan,Hotel Citywide,ALL,2.04%
Hotelscombined,Azerbaijan,Hotel Citywide,ALL,2.57%
KAYAK,Bahamas,Car Rentals,ALL,22.37%
Momondo,Bahamas,Car Rentals,ALL,1.32%
CheapFlights,Bahamas,Flights,ALL,1.65%
KAYAK,Bahamas,Flights,ALL,1.43%
Momondo,Bahamas,Flights,ALL,0.50%
Hotelscombined,Bahamas,Flights,ALL,4.09%
KAYAK,Bahamas,Hotel,ALL,5.89%
Hotelscombined,Bahamas,Hotel,ALL,12.46%
Momondo,Bahamas,Hotel,ALL,2.76%
KAYAK,Bahamas,Hotel Citywide,ALL,7.36%
Momondo,Bahamas,Hotel Citywide,ALL,1.72%
Hotelscombined,Bahamas,Hotel Citywide,ALL,3.58%
CheapFlights,Bahamas,Hotel Citywide,ALL,0.02%
Hotelscombined,Bahamas,Vacations,ALL,24.99%
KAYAK,Bahrain,Car Rentals,ALL,25.00%
Hotelscombined,Bahrain,Flights,ALL,17.30%
KAYAK,Bahrain,Flights,ALL,0.78%
CheapFlights,Bahrain,Flights,ALL,0.27%
Momondo,Bahrain,Flights,ALL,0.38%
Momondo,Bahrain,Hotel,ALL,3.47%
KAYAK,Bahrain,Hotel,ALL,8.54%
Hotelscombined,Bahrain,Hotel,ALL,8.02%
KAYAK,Bahrain,Hotel Citywide,ALL,6.04%
Momondo,Bahrain,Hotel Citywide,ALL,1.48%
Hotelscombined,Bahrain,Hotel Citywide,ALL,2.36%
KAYAK,Bangladesh,Car Rentals,ALL,18.75%
Momondo,Bangladesh,Car Rentals,ALL,6.25%
Momondo,Bangladesh,Flights,ALL,2.06%
KAYAK,Bangladesh,Flights,ALL,1.92%
CheapFlights,Bangladesh,Flights,ALL,1.24%
Hotelscombined,Bangladesh,Flights,ALL,5.62%
Hotelscombined,Bangladesh,Hotel,ALL,9.41%
KAYAK,Bangladesh,Hotel,ALL,6.44%
Momondo,Bangladesh,Hotel,ALL,1.28%
KAYAK,Bangladesh,Hotel Citywide,ALL,9.44%
Momondo,Bangladesh,Hotel Citywide,ALL,3.11%
Hotelscombined,Bangladesh,Hotel Citywide,ALL,2.04%
KAYAK,Barbados,Car Rentals,ALL,25.00%
CheapFlights,Barbados,Flights,ALL,3.50%
Momondo,Barbados,Flights,ALL,0.80%
KAYAK,Barbados,Flights,ALL,0.91%
Hotelscombined,Barbados,Flights,ALL,6.89%
Hotelscombined,Barbados,Hotel,ALL,10.01%
Momondo,Barbados,Hotel,ALL,2.34%
KAYAK,Barbados,Hotel,ALL,4.10%
KAYAK,Barbados,Hotel Citywide,ALL,7.88%
Momondo,Barbados,Hotel Citywide,ALL,2.14%
Hotelscombined,Barbados,Hotel Citywide,ALL,2.43%
CheapFlights,Barbados,Hotel Citywide,ALL,0.03%
KAYAK,Belgium,Car Rentals,ALL,24.70%
CheapFlights,Belgium,Flights,ALL,4.14%
Momondo,Belgium,Flights,ALL,7.36%
KAYAK,Belgium,Flights,ALL,4.59%
Hotelscombined,Belgium,Flights,ALL,0.57%
Hotelscombined,Belgium,Hotel,ALL,9.15%
Momondo,Belgium,Hotel,ALL,1.28%
KAYAK,Belgium,Hotel,ALL,6.20%
Hotelscombined,Belgium,Hotel Citywide,ALL,7.92%
Momondo,Belgium,Hotel Citywide,ALL,11.82%
KAYAK,Belgium,Hotel Citywide,ALL,5.53%
KAYAK,Belize,Car Rentals,ALL,25.00%
Momondo,Belize,Flights,ALL,0.61%
KAYAK,Belize,Flights,ALL,0.81%
CheapFlights,Belize,Flights,ALL,0.32%
Hotelscombined,Belize,Flights,ALL,5.88%
Hotelscombined,Belize,Hotel,ALL,10.97%
KAYAK,Belize,Hotel,ALL,6.12%
Momondo,Belize,Hotel,ALL,1.90%
KAYAK,Belize,Hotel Citywide,ALL,5.76%
Momondo,Belize,Hotel Citywide,ALL,1.04%
Hotelscombined,Belize,Hotel Citywide,ALL,2.24%
CheapFlights,Belize,Hotel Citywide,ALL,0.01%
KAYAK,Benin,Flights,ALL,0.42%
Hotelscombined,Benin,Flights,ALL,6.95%
CheapFlights,Benin,Flights,ALL,0.31%
Momondo,Benin,Flights,ALL,0.15%
Momondo,Benin,Hotel,ALL,2.20%
KAYAK,Benin,Hotel,ALL,5.06%
Hotelscombined,Benin,Hotel,ALL,2.64%
KAYAK,Benin,Hotel Citywide,ALL,3.50%
Momondo,Benin,Hotel Citywide,ALL,1.98%
Hotelscombined,Benin,Hotel Citywide,ALL,2.08%
KAYAK,Bermuda,Car Rentals,ALL,25.00%
KAYAK,Bermuda,Flights,ALL,1.91%
Momondo,Bermuda,Flights,ALL,0.61%
CheapFlights,Bermuda,Flights,ALL,0.82%
Hotelscombined,Bermuda,Flights,ALL,9.14%
Hotelscombined,Bermuda,Hotel,ALL,9.60%
KAYAK,Bermuda,Hotel,ALL,3.11%
Momondo,Bermuda,Hotel,ALL,1.19%
KAYAK,Bermuda,Hotel Citywide,ALL,8.29%
Momondo,Bermuda,Hotel Citywide,ALL,1.68%
Hotelscombined,Bermuda,Hotel Citywide,ALL,3.98%
KAYAK,Bhutan,Flights,ALL,0.94%
Momondo,Bhutan,Flights,ALL,0.94%
Hotelscombined,Bhutan,Flights,ALL,7.54%
KAYAK,Bhutan,Hotel,ALL,5.33%
Momondo,Bhutan,Hotel,ALL,0.53%
Hotelscombined,Bhutan,Hotel,ALL,4.80%
KAYAK,Bhutan,Hotel Citywide,ALL,5.56%
Momondo,Bhutan,Hotel Citywide,ALL,1.70%
Hotelscombined,Bhutan,Hotel Citywide,ALL,1.76%
KAYAK,Bolivia,Car Rentals,ALL,24.99%
KAYAK,Bolivia,Flights,ALL,1.61%
Hotelscombined,Bolivia,Flights,ALL,4.98%
CheapFlights,Bolivia,Flights,ALL,0.94%
Momondo,Bolivia,Flights,ALL,0.80%
Hotelscombined,Bolivia,Hotel,ALL,11.55%
Momondo,Bolivia,Hotel,ALL,2.40%
KAYAK,Bolivia,Hotel,ALL,7.24%
KAYAK,Bolivia,Hotel Citywide,ALL,7.34%
Momondo,Bolivia,Hotel Citywide,ALL,6.47%
Hotelscombined,Bolivia,Hotel Citywide,ALL,1.37%
CheapFlights,"Bonaire, Sint Eustatius, and Saba",Flights,ALL,5.34%
KAYAK,"Bonaire, Sint Eustatius, and Saba",Flights,ALL,1.37%
Hotelscombined,"Bonaire, Sint Eustatius, and Saba",Flights,ALL,7.12%
KAYAK,"Bonaire, Sint Eustatius, and Saba",Hotel,ALL,2.12%
Hotelscombined,"Bonaire, Sint Eustatius, and Saba",Hotel,ALL,4.48%
KAYAK,"Bonaire, Sint Eustatius, and Saba",Hotel Citywide,ALL,1.82%
Hotelscombined,"Bonaire, Sint Eustatius, and Saba",Hotel Citywide,ALL,2.53%
KAYAK,Bosnia and Herzegovina,Car Rentals,ALL,25.00%
KAYAK,Bosnia and Herzegovina,Flights,ALL,12.85%
CheapFlights,Bosnia and Herzegovina,Flights,ALL,3.38%
Momondo,Bosnia and Herzegovina,Flights,ALL,5.63%
Hotelscombined,Bosnia and Herzegovina,Flights,ALL,6.02%
Momondo,Bosnia and Herzegovina,Hotel,ALL,2.42%
KAYAK,Bosnia and Herzegovina,Hotel,ALL,7.27%
Hotelscombined,Bosnia and Herzegovina,Hotel,ALL,2.78%
KAYAK,Bosnia and Herzegovina,Hotel Citywide,ALL,5.24%
Momondo,Bosnia and Herzegovina,Hotel Citywide,ALL,7.37%
Hotelscombined,Bosnia and Herzegovina,Hotel Citywide,ALL,4.65%
KAYAK,Botswana,Flights,ALL,2.35%
Momondo,Botswana,Flights,ALL,1.13%
CheapFlights,Botswana,Flights,ALL,0.87%
Hotelscombined,Botswana,Flights,ALL,6.53%
Momondo,Botswana,Hotel,ALL,3.63%
Hotelscombined,Botswana,Hotel,ALL,7.84%
KAYAK,Botswana,Hotel,ALL,4.68%
KAYAK,Botswana,Hotel Citywide,ALL,9.61%
Momondo,Botswana,Hotel Citywide,ALL,3.96%
Hotelscombined,Botswana,Hotel Citywide,ALL,1.13%
KAYAK,Brazil,Car Rentals,ALL,22.13%
Momondo,Brazil,Car Rentals,ALL,7.72%
KAYAK,Brazil,Flights,ALL,13.81%
Mundi,Brazil,Flights,ALL,5.83%
Momondo,Brazil,Flights,ALL,2.38%
CheapFlights,Brazil,Flights,ALL,0.49%
Hotelscombined,Brazil,Flights,ALL,0.13%
Hotelscombined,Brazil,Hotel,ALL,13.55%
KAYAK,Brazil,Hotel,ALL,3.76%
Mundi,Brazil,Hotel,ALL,0.91%
Momondo,Brazil,Hotel,ALL,0.20%
KAYAK,Brazil,Hotel Citywide,ALL,13.32%
Momondo,Brazil,Hotel Citywide,ALL,5.46%
Hotelscombined,Brazil,Hotel Citywide,ALL,3.87%
Mundi,Brazil,Hotel Citywide,ALL,0.44%
Hotelscombined,British Indian Ocean Territory,Flights,ALL,16.67%
Hotelscombined,British Indian Ocean Territory,Hotel Citywide,ALL,2.79%
KAYAK,British Virgin Islands,Car Rentals,ALL,25.00%
Momondo,British Virgin Islands,Flights,ALL,0.35%
Hotelscombined,British Virgin Islands,Flights,ALL,3.22%
CheapFlights,British Virgin Islands,Flights,ALL,0.40%
KAYAK,British Virgin Islands,Flights,ALL,0.35%
Momondo,British Virgin Islands,Hotel,ALL,3.59%
Hotelscombined,British Virgin Islands,Hotel,ALL,11.54%
KAYAK,British Virgin Islands,Hotel,ALL,4.36%
KAYAK,British Virgin Islands,Hotel Citywide,ALL,7.93%
Hotelscombined,British Virgin Islands,Hotel Citywide,ALL,4.28%
Momondo,British Virgin Islands,Hotel Citywide,ALL,1.82%
CheapFlights,British Virgin Islands,Hotel Citywide,ALL,0.02%
Momondo,Brunei,Car Rentals,ALL,12.50%
KAYAK,Brunei,Flights,ALL,0.95%
Hotelscombined,Brunei,Flights,ALL,8.37%
Momondo,Brunei,Flights,ALL,0.53%
CheapFlights,Brunei,Flights,ALL,0.23%
Hotelscombined,Brunei,Hotel,ALL,11.35%
Momondo,Brunei,Hotel,ALL,2.24%
KAYAK,Brunei,Hotel,ALL,9.97%
KAYAK,Brunei,Hotel Citywide,ALL,7.23%
Momondo,Brunei,Hotel Citywide,ALL,2.14%
Hotelscombined,Brunei,Hotel Citywide,ALL,6.52%
KAYAK,Bulgaria,Car Rentals,ALL,16.07%
Momondo,Bulgaria,Car Rentals,ALL,12.50%
KAYAK,Bulgaria,Flights,ALL,14.59%
CheapFlights,Bulgaria,Flights,ALL,7.65%
Momondo,Bulgaria,Flights,ALL,5.07%
Hotelscombined,Bulgaria,Flights,ALL,5.01%
Momondo,Bulgaria,Hotel,ALL,2.80%
KAYAK,Bulgaria,Hotel,ALL,7.19%
Hotelscombined,Bulgaria,Hotel,ALL,3.09%
KAYAK,Bulgaria,Hotel Citywide,ALL,4.58%
Hotelscombined,Bulgaria,Hotel Citywide,ALL,4.09%
Momondo,Bulgaria,Hotel Citywide,ALL,2.16%
KAYAK,Burkina Faso,Car Rentals,ALL,25.00%
KAYAK,Burkina Faso,Flights,ALL,1.36%
CheapFlights,Burkina Faso,Flights,ALL,0.99%
Hotelscombined,Burkina Faso,Flights,ALL,7.72%
Momondo,Burkina Faso,Flights,ALL,0.73%
Momondo,Burkina Faso,Hotel,ALL,5.55%
KAYAK,Burkina Faso,Hotel,ALL,5.95%
Hotelscombined,Burkina Faso,Hotel,ALL,5.16%
KAYAK,Burkina Faso,Hotel Citywide,ALL,4.43%
Momondo,Burkina Faso,Hotel Citywide,ALL,3.23%
Hotelscombined,Burkina Faso,Hotel Citywide,ALL,2.31%
CheapFlights,Burundi,Flights,ALL,0.87%
Hotelscombined,Burundi,Flights,ALL,2.54%
KAYAK,Burundi,Flights,ALL,0.71%
Momondo,Burundi,Flights,ALL,0.40%
Momondo,Burundi,Hotel,ALL,3.12%
Hotelscombined,Burundi,Hotel,ALL,10.40%
KAYAK,Burundi,Hotel,ALL,3.12%
KAYAK,Burundi,Hotel Citywide,ALL,5.35%
Momondo,Burundi,Hotel Citywide,ALL,4.17%
Hotelscombined,Burundi,Hotel Citywide,ALL,3.56%
KAYAK,Cabo Verde,Car Rentals,ALL,17.87%
Momondo,Cabo Verde,Car Rentals,ALL,10.72%
KAYAK,Cabo Verde,Flights,ALL,16.43%
CheapFlights,Cabo Verde,Flights,ALL,6.52%
Momondo,Cabo Verde,Flights,ALL,6.09%
Hotelscombined,Cabo Verde,Flights,ALL,3.25%
Momondo,Cabo Verde,Hotel,ALL,3.57%
KAYAK,Cabo Verde,Hotel,ALL,7.90%
Hotelscombined,Cabo Verde,Hotel,ALL,8.40%
KAYAK,Cabo Verde,Hotel Citywide,ALL,4.74%
Momondo,Cabo Verde,Hotel Citywide,ALL,1.90%
Hotelscombined,Cabo Verde,Hotel Citywide,ALL,2.87%
Momondo,Cambodia,Car Rentals,ALL,8.33%
KAYAK,Cambodia,Car Rentals,ALL,16.67%
KAYAK,Cambodia,Flights,ALL,2.07%
Momondo,Cambodia,Flights,ALL,0.96%
CheapFlights,Cambodia,Flights,ALL,0.58%
Hotelscombined,Cambodia,Flights,ALL,6.87%
KAYAK,Cambodia,Hotel,ALL,9.49%
Hotelscombined,Cambodia,Hotel,ALL,12.49%
Momondo,Cambodia,Hotel,ALL,1.25%
KAYAK,Cambodia,Hotel Citywide,ALL,8.97%
Momondo,Cambodia,Hotel Citywide,ALL,1.98%
Hotelscombined,Cambodia,Hotel Citywide,ALL,3.80%
KAYAK,Cameroon,Car Rentals,ALL,25.00%
KAYAK,Cameroon,Flights,ALL,0.65%
Hotelscombined,Cameroon,Flights,ALL,6.24%
CheapFlights,Cameroon,Flights,ALL,0.47%
Momondo,Cameroon,Flights,ALL,0.32%
Momondo,Cameroon,Hotel,ALL,3.31%
KAYAK,Cameroon,Hotel,ALL,4.77%
Hotelscombined,Cameroon,Hotel,ALL,2.65%
KAYAK,Cameroon,Hotel Citywide,ALL,4.71%
Momondo,Cameroon,Hotel Citywide,ALL,3.10%
Hotelscombined,Cameroon,Hotel Citywide,ALL,6.86%
CheapFlights,Canada,Flights,ALL,9.00%
KAYAK,Canada,Flights,ALL,7.96%
Momondo,Canada,Flights,ALL,4.41%
Hotelscombined,Canada,Flights,ALL,0.11%
KAYAK,Canada,Hotel,ALL,2.55%
Momondo,Canada,Hotel,ALL,0.77%
Hotelscombined,Canada,Hotel,ALL,6.03%
KAYAK,Canada,Hotel Citywide,ALL,3.40%
Momondo,Canada,Hotel Citywide,ALL,1.54%
Hotelscombined,Canada,Hotel Citywide,ALL,1.76%
KAYAK,Canada,Vacations,ALL,1.50%
Hotelscombined,Canada,Vacations,ALL,16.77%
KAYAK,Cayman Islands,Car Rentals,ALL,25.00%
CheapFlights,Cayman Islands,Flights,ALL,1.07%
KAYAK,Cayman Islands,Flights,ALL,0.60%
Momondo,Cayman Islands,Flights,ALL,0.36%
Hotelscombined,Cayman Islands,Flights,ALL,7.06%
KAYAK,Cayman Islands,Hotel,ALL,5.77%
Hotelscombined,Cayman Islands,Hotel,ALL,13.06%
Momondo,Cayman Islands,Hotel,ALL,3.19%
KAYAK,Cayman Islands,Hotel Citywide,ALL,7.83%
Momondo,Cayman Islands,Hotel Citywide,ALL,1.39%
Hotelscombined,Cayman Islands,Hotel Citywide,ALL,3.61%
CheapFlights,Cayman Islands,Hotel Citywide,ALL,0.02%
KAYAK,Central African Republic,Car Rentals,ALL,25.00%
CheapFlights,Central African Republic,Flights,ALL,2.58%
KAYAK,Central African Republic,Flights,ALL,1.29%
Hotelscombined,Central African Republic,Flights,ALL,3.55%
Momondo,Central African Republic,Flights,ALL,0.48%
Momondo,Central African Republic,Hotel,ALL,10.00%
KAYAK,Central African Republic,Hotel,ALL,2.50%
Hotelscombined,Central African Republic,Hotel,ALL,2.50%
KAYAK,Central African Republic,Hotel Citywide,ALL,2.71%
Momondo,Central African Republic,Hotel Citywide,ALL,4.07%
Hotelscombined,Central African Republic,Hotel Citywide,ALL,5.52%
KAYAK,Chad,Flights,ALL,0.55%
Hotelscombined,Chad,Flights,ALL,7.16%
CheapFlights,Chad,Flights,ALL,0.45%
Momondo,Chad,Flights,ALL,0.13%
Momondo,Chad,Hotel,ALL,1.32%
Hotelscombined,Chad,Hotel,ALL,1.32%
KAYAK,Chad,Hotel Citywide,ALL,4.28%
Hotelscombined,Chad,Hotel Citywide,ALL,6.93%
Momondo,Chad,Hotel Citywide,ALL,2.40%
KAYAK,Chile,Car Rentals,ALL,21.56%
Momondo,Chile,Car Rentals,ALL,6.61%
KAYAK,Chile,Flights,ALL,14.70%
Momondo,Chile,Flights,ALL,4.18%
CheapFlights,Chile,Flights,ALL,2.17%
Hotelscombined,Chile,Flights,ALL,0.08%
Momondo,Chile,Hotel,ALL,1.82%
Hotelscombined,Chile,Hotel,ALL,10.26%
KAYAK,Chile,Hotel,ALL,8.49%
KAYAK,Chile,Hotel Citywide,ALL,5.52%
Momondo,Chile,Hotel Citywide,ALL,7.65%
Hotelscombined,Chile,Hotel Citywide,ALL,4.52%
Hotelscombined,China,Flights,ALL,8.72%
Hotelscombined,China,Hotel,ALL,9.38%
Hotelscombined,China,Hotel Citywide,ALL,6.30%
Momondo,Christmas Island,Hotel Citywide,ALL,25.00%
Hotelscombined,Christmas Island,Hotel Citywide,ALL,25.00%
KAYAK,Colombia,Car Rentals,ALL,23.23%
Momondo,Colombia,Car Rentals,ALL,4.65%
KAYAK,Colombia,Flights,ALL,8.78%
Momondo,Colombia,Flights,ALL,3.56%
CheapFlights,Colombia,Flights,ALL,0.87%
Hotelscombined,Colombia,Flights,ALL,0.32%
Momondo,Colombia,Hotel,ALL,2.17%
Hotelscombined,Colombia,Hotel,ALL,10.37%
KAYAK,Colombia,Hotel,ALL,10.62%
KAYAK,Colombia,Hotel Citywide,ALL,10.00%
Momondo,Colombia,Hotel Citywide,ALL,18.48%
Hotelscombined,Colombia,Hotel Citywide,ALL,7.64%
Hotelscombined,Colombia,Vacations,ALL,15.38%
CheapFlights,Comoros,Flights,ALL,0.47%
Hotelscombined,Comoros,Flights,ALL,4.53%
KAYAK,Comoros,Flights,ALL,0.24%
Momondo,Comoros,Flights,ALL,0.07%
KAYAK,Comoros,Hotel,ALL,4.69%
Momondo,Comoros,Hotel,ALL,1.56%
Hotelscombined,Comoros,Hotel,ALL,3.13%
Hotelscombined,Comoros,Hotel Citywide,ALL,14.74%
KAYAK,Comoros,Hotel Citywide,ALL,1.67%
Momondo,Comoros,Hotel Citywide,ALL,0.72%
CheapFlights,Congo Republic,Flights,ALL,0.71%
KAYAK,Congo Republic,Flights,ALL,0.86%
Hotelscombined,Congo Republic,Flights,ALL,6.70%
Momondo,Congo Republic,Flights,ALL,0.25%
Momondo,Congo Republic,Hotel,ALL,13.21%
KAYAK,Congo Republic,Hotel,ALL,8.57%
Hotelscombined,Congo Republic,Hotel,ALL,5.00%
KAYAK,Congo Republic,Hotel Citywide,ALL,6.58%
Momondo,Congo Republic,Hotel Citywide,ALL,4.83%
Hotelscombined,Congo Republic,Hotel Citywide,ALL,9.46%
Hotelscombined,Cook Islands,Flights,ALL,13.77%
Momondo,Cook Islands,Flights,ALL,1.25%
KAYAK,Cook Islands,Hotel,ALL,5.52%
Hotelscombined,Cook Islands,Hotel,ALL,3.82%
Momondo,Cook Islands,Hotel,ALL,0.64%
KAYAK,Cook Islands,Hotel Citywide,ALL,2.18%
Momondo,Cook Islands,Hotel Citywide,ALL,2.23%
Hotelscombined,Cook Islands,Hotel Citywide,ALL,2.18%
KAYAK,Costa Rica,Car Rentals,ALL,25.00%
Hotelscombined,Costa Rica,Flights,ALL,4.45%
KAYAK,Costa Rica,Flights,ALL,0.36%
CheapFlights,Costa Rica,Flights,ALL,0.18%
Momondo,Costa Rica,Flights,ALL,0.14%
Momondo,Costa Rica,Hotel,ALL,2.20%
Hotelscombined,Costa Rica,Hotel,ALL,9.99%
KAYAK,Costa Rica,Hotel,ALL,6.00%
KAYAK,Costa Rica,Hotel Citywide,ALL,6.25%
Momondo,Costa Rica,Hotel Citywide,ALL,5.69%
Hotelscombined,Costa Rica,Hotel Citywide,ALL,2.88%
CheapFlights,Costa Rica,Hotel Citywide,ALL,0.02%
Hotelscombined,Costa Rica,Vacations,ALL,17.11%
KAYAK,Croatia,Car Rentals,ALL,15.91%
Momondo,Croatia,Car Rentals,ALL,9.09%
KAYAK,Croatia,Flights,ALL,14.25%
CheapFlights,Croatia,Flights,ALL,3.22%
Momondo,Croatia,Flights,ALL,5.62%
Hotelscombined,Croatia,Flights,ALL,4.08%
Momondo,Croatia,Hotel,ALL,2.49%
KAYAK,Croatia,Hotel,ALL,8.70%
Hotelscombined,Croatia,Hotel,ALL,3.33%
KAYAK,Croatia,Hotel Citywide,ALL,4.84%
Momondo,Croatia,Hotel Citywide,ALL,6.75%
Hotelscombined,Croatia,Hotel Citywide,ALL,3.42%
KAYAK,Cuba,Car Rentals,ALL,25.00%
CheapFlights,Cuba,Flights,ALL,1.72%
KAYAK,Cuba,Flights,ALL,1.39%
Hotelscombined,Cuba,Flights,ALL,4.17%
Momondo,Cuba,Flights,ALL,0.60%
KAYAK,Cuba,Hotel,ALL,5.22%
Hotelscombined,Cuba,Hotel,ALL,6.26%
Momondo,Cuba,Hotel,ALL,1.04%
KAYAK,Cuba,Hotel Citywide,ALL,4.20%
Momondo,Cuba,Hotel Citywide,ALL,2.76%
Hotelscombined,Cuba,Hotel Citywide,ALL,2.23%
CheapFlights,Cuba,Hotel Citywide,ALL,0.13%
KAYAK,Curaçao,Car Rentals,ALL,25.00%
KAYAK,Curaçao,Flights,ALL,4.37%
CheapFlights,Curaçao,Flights,ALL,1.48%
Hotelscombined,Curaçao,Flights,ALL,7.17%
Momondo,Curaçao,Flights,ALL,1.39%
Hotelscombined,Curaçao,Hotel,ALL,10.74%
KAYAK,Curaçao,Hotel,ALL,4.92%
Momondo,Curaçao,Hotel,ALL,2.05%
KAYAK,Curaçao,Hotel Citywide,ALL,8.52%
Momondo,Curaçao,Hotel Citywide,ALL,2.49%
Hotelscombined,Curaçao,Hotel Citywide,ALL,3.63%
KAYAK,Cyprus,Car Rentals,ALL,22.73%
Momondo,Cyprus,Car Rentals,ALL,9.09%
KAYAK,Cyprus,Flights,ALL,12.40%
CheapFlights,Cyprus,Flights,ALL,3.25%
Momondo,Cyprus,Flights,ALL,4.45%
Hotelscombined,Cyprus,Flights,ALL,5.52%
Momondo,Cyprus,Hotel,ALL,2.58%
KAYAK,Cyprus,Hotel,ALL,7.52%
Hotelscombined,Cyprus,Hotel,ALL,5.11%
KAYAK,Cyprus,Hotel Citywide,ALL,6.66%
Momondo,Cyprus,Hotel Citywide,ALL,1.80%
Hotelscombined,Cyprus,Hotel Citywide,ALL,2.64%
KAYAK,Czechia,Car Rentals,ALL,24.96%
KAYAK,Czechia,Flights,ALL,11.56%
CheapFlights,Czechia,Flights,ALL,4.90%
Momondo,Czechia,Flights,ALL,6.12%
Hotelscombined,Czechia,Flights,ALL,0.64%
KAYAK,Czechia,Hotel,ALL,11.32%
Hotelscombined,Czechia,Hotel,ALL,5.03%
Momondo,Czechia,Hotel,ALL,0.16%
KAYAK,Czechia,Hotel Citywide,ALL,6.19%
Hotelscombined,Czechia,Hotel Citywide,ALL,2.64%
Momondo,Czechia,Hotel Citywide,ALL,1.06%
Hotelscombined,DR Congo,Flights,ALL,7.69%
CheapFlights,DR Congo,Flights,ALL,0.58%
KAYAK,DR Congo,Flights,ALL,0.43%
Momondo,DR Congo,Flights,ALL,0.25%
Momondo,DR Congo,Hotel,ALL,14.63%
KAYAK,DR Congo,Hotel,ALL,7.43%
Hotelscombined,DR Congo,Hotel,ALL,7.79%
KAYAK,DR Congo,Hotel Citywide,ALL,4.58%
Momondo,DR Congo,Hotel Citywide,ALL,3.60%
Hotelscombined,DR Congo,Hotel Citywide,ALL,12.78%
KAYAK,Denmark,Car Rentals,ALL,23.74%
Momondo,Denmark,Flights,ALL,22.00%
KAYAK,Denmark,Flights,ALL,5.94%
CheapFlights,Denmark,Flights,ALL,0.65%
Hotelscombined,Denmark,Flights,ALL,0.13%
Momondo,Denmark,Hotel,ALL,5.58%
Hotelscombined,Denmark,Hotel,ALL,6.98%
KAYAK,Denmark,Hotel,ALL,2.50%
Momondo,Denmark,Hotel Citywide,ALL,17.51%
Hotelscombined,Denmark,Hotel Citywide,ALL,6.24%
KAYAK,Denmark,Hotel Citywide,ALL,1.77%
KAYAK,Djibouti,Flights,ALL,0.93%
CheapFlights,Djibouti,Flights,ALL,0.93%
Momondo,Djibouti,Flights,ALL,0.55%
Hotelscombined,Djibouti,Flights,ALL,5.69%
Momondo,Djibouti,Hotel,ALL,4.84%
KAYAK,Djibouti,Hotel,ALL,10.38%
Hotelscombined,Djibouti,Hotel,ALL,9.00%
KAYAK,Djibouti,Hotel Citywide,ALL,6.59%
Momondo,Djibouti,Hotel Citywide,ALL,3.89%
Hotelscombined,Djibouti,Hotel Citywide,ALL,2.51%
CheapFlights,Dominica,Flights,ALL,4.55%
KAYAK,Dominica,Flights,ALL,1.14%
Momondo,Dominica,Flights,ALL,0.46%
Hotelscombined,Dominica,Flights,ALL,4.32%
KAYAK,Dominica,Hotel,ALL,12.55%
Hotelscombined,Dominica,Hotel,ALL,17.12%
Momondo,Dominica,Hotel,ALL,1.14%
KAYAK,Dominica,Hotel Citywide,ALL,9.06%
Momondo,Dominica,Hotel Citywide,ALL,2.30%
Hotelscombined,Dominica,Hotel Citywide,ALL,2.12%
CheapFlights,Dominica,Hotel Citywide,ALL,0.08%
KAYAK,Dominican Republic,Car Rentals,ALL,23.22%
Momondo,Dominican Republic,Car Rentals,ALL,3.57%
CheapFlights,Dominican Republic,Flights,ALL,0.52%
Hotelscombined,Dominican Republic,Flights,ALL,7.23%
KAYAK,Dominican Republic,Flights,ALL,0.46%
Momondo,Dominican Republic,Flights,ALL,0.14%
KAYAK,Dominican Republic,Hotel,ALL,6.84%
Hotelscombined,Dominican Republic,Hotel,ALL,9.88%
Momondo,Dominican Republic,Hotel,ALL,2.02%
KAYAK,Dominican Republic,Hotel Citywide,ALL,7.84%
Momondo,Dominican Republic,Hotel Citywide,ALL,3.66%
Hotelscombined,Dominican Republic,Hotel Citywide,ALL,3.16%
CheapFlights,Dominican Republic,Hotel Citywide,ALL,0.04%
Hotelscombined,Dominican Republic,Vacations,ALL,18.19%
KAYAK,Ecuador,Car Rentals,ALL,21.90%
Momondo,Ecuador,Car Rentals,ALL,3.13%
KAYAK,Ecuador,Flights,ALL,1.79%
Momondo,Ecuador,Flights,ALL,0.55%
Hotelscombined,Ecuador,Flights,ALL,4.98%
CheapFlights,Ecuador,Flights,ALL,0.30%
KAYAK,Ecuador,Hotel,ALL,10.06%
Momondo,Ecuador,Hotel,ALL,2.41%
Hotelscombined,Ecuador,Hotel,ALL,8.10%
KAYAK,Ecuador,Hotel Citywide,ALL,14.87%
Momondo,Ecuador,Hotel Citywide,ALL,6.25%
Hotelscombined,Ecuador,Hotel Citywide,ALL,6.77%
Hotelscombined,Ecuador,Vacations,ALL,25.08%
Momondo,Egypt,Car Rentals,ALL,15.00%
KAYAK,Egypt,Car Rentals,ALL,15.00%
Hotelscombined,Egypt,Flights,ALL,13.31%
KAYAK,Egypt,Flights,ALL,1.06%
CheapFlights,Egypt,Flights,ALL,0.36%
Momondo,Egypt,Flights,ALL,0.43%
Momondo,Egypt,Hotel,ALL,2.52%
Hotelscombined,Egypt,Hotel,ALL,8.63%
KAYAK,Egypt,Hotel,ALL,5.13%
KAYAK,Egypt,Hotel Citywide,ALL,3.03%
Momondo,Egypt,Hotel Citywide,ALL,1.69%
Hotelscombined,Egypt,Hotel Citywide,ALL,2.13%
KAYAK,Egypt,Vacations,ALL,25.00%
Hotelscombined,Egypt,Vacations,ALL,25.00%
KAYAK,El Salvador,Car Rentals,ALL,20.00%
Hotelscombined,El Salvador,Flights,ALL,4.01%
KAYAK,El Salvador,Flights,ALL,0.36%
CheapFlights,El Salvador,Flights,ALL,0.19%
Momondo,El Salvador,Flights,ALL,0.14%
Hotelscombined,El Salvador,Hotel,ALL,12.18%
Momondo,El Salvador,Hotel,ALL,2.23%
KAYAK,El Salvador,Hotel,ALL,7.46%
KAYAK,El Salvador,Hotel Citywide,ALL,7.17%
Momondo,El Salvador,Hotel Citywide,ALL,6.99%
Hotelscombined,El Salvador,Hotel Citywide,ALL,8.79%
CheapFlights,El Salvador,Hotel Citywide,ALL,0.02%
Hotelscombined,El Salvador,Vacations,ALL,24.98%
KAYAK,Equatorial Guinea,Flights,ALL,2.03%
CheapFlights,Equatorial Guinea,Flights,ALL,0.34%
Hotelscombined,Equatorial Guinea,Flights,ALL,2.82%
Momondo,Equatorial Guinea,Flights,ALL,0.79%
Momondo,Equatorial Guinea,Hotel,ALL,3.41%
KAYAK,Equatorial Guinea,Hotel,ALL,1.14%
Hotelscombined,Equatorial Guinea,Hotel,ALL,3.41%
KAYAK,Equatorial Guinea,Hotel Citywide,ALL,7.19%
Momondo,Equatorial Guinea,Hotel Citywide,ALL,3.53%
Hotelscombined,Equatorial Guinea,Hotel Citywide,ALL,3.62%
KAYAK,Eritrea,Flights,ALL,6.25%
Momondo,Eritrea,Hotel,ALL,25.00%
KAYAK,Eritrea,Hotel,ALL,25.00%
Hotelscombined,Eritrea,Hotel,ALL,25.00%
KAYAK,Eritrea,Hotel Citywide,ALL,14.15%
Momondo,Eritrea,Hotel Citywide,ALL,5.27%
Hotelscombined,Eritrea,Hotel Citywide,ALL,2.63%
KAYAK,Estonia,Car Rentals,ALL,19.74%
Momondo,Estonia,Car Rentals,ALL,9.21%
KAYAK,Estonia,Flights,ALL,15.15%
CheapFlights,Estonia,Flights,ALL,8.70%
Momondo,Estonia,Flights,ALL,4.84%
Hotelscombined,Estonia,Flights,ALL,3.95%
Momondo,Estonia,Hotel,ALL,3.25%
KAYAK,Estonia,Hotel,ALL,9.32%
Hotelscombined,Estonia,Hotel,ALL,9.56%
KAYAK,Estonia,Hotel Citywide,ALL,13.07%
Momondo,Estonia,Hotel Citywide,ALL,4.93%
Hotelscombined,Estonia,Hotel Citywide,ALL,5.93%
KAYAK,Eswatini,Flights,ALL,7.33%
CheapFlights,Eswatini,Flights,ALL,7.66%
Hotelscombined,Eswatini,Flights,ALL,6.33%
KAYAK,Eswatini,Hotel,ALL,2.59%
Hotelscombined,Eswatini,Hotel,ALL,3.88%
KAYAK,Eswatini,Hotel Citywide,ALL,1.93%
Hotelscombined,Eswatini,Hotel Citywide,ALL,1.91%
KAYAK,Ethiopia,Flights,ALL,2.82%
CheapFlights,Ethiopia,Flights,ALL,0.96%
Momondo,Ethiopia,Flights,ALL,1.02%
Hotelscombined,Ethiopia,Flights,ALL,6.25%
Momondo,Ethiopia,Hotel,ALL,4.96%
Hotelscombined,Ethiopia,Hotel,ALL,9.28%
KAYAK,Ethiopia,Hotel,ALL,4.96%
KAYAK,Ethiopia,Hotel Citywide,ALL,8.77%
Momondo,Ethiopia,Hotel Citywide,ALL,3.87%
Hotelscombined,Ethiopia,Hotel Citywide,ALL,1.18%
Hotelscombined,Falkland Islands,Flights,ALL,9.21%
KAYAK,Falkland Islands,Hotel Citywide,ALL,0.83%
Hotelscombined,Falkland Islands,Hotel Citywide,ALL,0.28%
KAYAK,Faroe Islands,Flights,ALL,4.66%
CheapFlights,Faroe Islands,Flights,ALL,6.11%
Hotelscombined,Faroe Islands,Flights,ALL,12.51%
Hotelscombined,Faroe Islands,Hotel,ALL,2.44%
KAYAK,Faroe Islands,Hotel,ALL,2.13%
KAYAK,Faroe Islands,Hotel Citywide,ALL,2.61%
Hotelscombined,Faroe Islands,Hotel Citywide,ALL,2.53%
KAYAK,Federated States of Micronesia,Car Rentals,ALL,25.00%
Momondo,Federated States of Micronesia,Car Rentals,ALL,12.50%
KAYAK,Federated States of Micronesia,Flights,ALL,6.25%
Momondo,Federated States of Micronesia,Flights,ALL,12.50%
Hotelscombined,Federated States of Micronesia,Hotel,ALL,10.00%
Momondo,Federated States of Micronesia,Hotel,ALL,4.45%
KAYAK,Federated States of Micronesia,Hotel,ALL,7.78%
KAYAK,Federated States of Micronesia,Hotel Citywide,ALL,9.23%
Hotelscombined,Federated States of Micronesia,Hotel Citywide,ALL,5.64%
Momondo,Federated States of Micronesia,Hotel Citywide,ALL,4.95%
KAYAK,Fiji,Car Rentals,ALL,25.00%
KAYAK,Fiji,Flights,ALL,5.20%
Momondo,Fiji,Flights,ALL,2.40%
CheapFlights,Fiji,Flights,ALL,1.13%
Hotelscombined,Fiji,Flights,ALL,5.34%
Hotelscombined,Fiji,Hotel,ALL,11.43%
KAYAK,Fiji,Hotel,ALL,6.60%
Momondo,Fiji,Hotel,ALL,1.87%
KAYAK,Fiji,Hotel Citywide,ALL,8.42%
Momondo,Fiji,Hotel Citywide,ALL,2.30%
Hotelscombined,Fiji,Hotel Citywide,ALL,1.84%
KAYAK,Finland,Car Rentals,ALL,23.75%
Momondo,Finland,Flights,ALL,23.01%
CheapFlights,Finland,Flights,ALL,6.62%
KAYAK,Finland,Flights,ALL,11.63%
Hotelscombined,Finland,Flights,ALL,0.39%
Hotelscombined,Finland,Hotel,ALL,12.78%
Momondo,Finland,Hotel,ALL,4.71%
KAYAK,Finland,Hotel,ALL,3.54%
Momondo,Finland,Hotel Citywide,ALL,7.00%
Hotelscombined,Finland,Hotel Citywide,ALL,2.62%
KAYAK,Finland,Hotel Citywide,ALL,0.52%
KAYAK,France,Car Rentals,ALL,17.48%
Momondo,France,Car Rentals,ALL,8.82%
Momondo,France,Flights,ALL,5.00%
CheapFlights,France,Flights,ALL,1.13%
KAYAK,France,Flights,ALL,2.16%
Hotelscombined,France,Flights,ALL,0.82%
KAYAK,France,Hotel,ALL,4.54%
Momondo,France,Hotel,ALL,0.80%
Hotelscombined,France,Hotel,ALL,6.66%
KAYAK,France,Hotel Citywide,ALL,8.83%
Momondo,France,Hotel Citywide,ALL,2.20%
Hotelscombined,France,Hotel Citywide,ALL,1.76%
KAYAK,France,Vacations,ALL,13.86%
Hotelscombined,France,Vacations,ALL,3.22%
CheapFlights,French Guiana,Flights,ALL,1.96%
KAYAK,French Guiana,Flights,ALL,0.49%
Hotelscombined,French Guiana,Flights,ALL,9.56%
KAYAK,French Guiana,Hotel,ALL,3.50%
Hotelscombined,French Guiana,Hotel,ALL,2.94%
KAYAK,French Guiana,Hotel Citywide,ALL,1.00%
Hotelscombined,French Guiana,Hotel Citywide,ALL,1.81%
Momondo,French Polynesia,Car Rentals,ALL,25.00%
CheapFlights,French Polynesia,Flights,ALL,0.66%
Hotelscombined,French Polynesia,Flights,ALL,7.82%
KAYAK,French Polynesia,Flights,ALL,0.32%
Momondo,French Polynesia,Flights,ALL,0.12%
Hotelscombined,French Polynesia,Hotel,ALL,5.83%
Momondo,French Polynesia,Hotel,ALL,1.05%
KAYAK,French Polynesia,Hotel,ALL,3.80%
KAYAK,French Polynesia,Hotel Citywide,ALL,3.74%
Momondo,French Polynesia,Hotel Citywide,ALL,2.17%
Hotelscombined,French Polynesia,Hotel Citywide,ALL,2.63%
KAYAK,Gabon,Car Rentals,ALL,25.00%
CheapFlights,Gabon,Flights,ALL,0.62%
KAYAK,Gabon,Flights,ALL,0.67%
Hotelscombined,Gabon,Flights,ALL,6.93%
Momondo,Gabon,Flights,ALL,0.29%
Momondo,Gabon,Hotel,ALL,3.69%
KAYAK,Gabon,Hotel,ALL,5.00%
Hotelscombined,Gabon,Hotel,ALL,2.37%
KAYAK,Gabon,Hotel Citywide,ALL,4.75%
Momondo,Gabon,Hotel Citywide,ALL,3.10%
Hotelscombined,Gabon,Hotel Citywide,ALL,2.30%
KAYAK,Gambia,Flights,ALL,2.34%
Hotelscombined,Gambia,Flights,ALL,9.67%
Momondo,Gambia,Flights,ALL,0.95%
CheapFlights,Gambia,Flights,ALL,0.88%
Momondo,Gambia,Hotel,ALL,4.40%
Hotelscombined,Gambia,Hotel,ALL,8.36%
KAYAK,Gambia,Hotel,ALL,4.40%
KAYAK,Gambia,Hotel Citywide,ALL,3.66%
Momondo,Gambia,Hotel Citywide,ALL,1.63%
Hotelscombined,Gambia,Hotel Citywide,ALL,2.79%
Momondo,Georgia,Car Rentals,ALL,12.50%
KAYAK,Georgia,Car Rentals,ALL,12.50%
KAYAK,Georgia,Flights,ALL,3.84%
CheapFlights,Georgia,Flights,ALL,1.56%
Hotelscombined,Georgia,Flights,ALL,13.20%
Momondo,Georgia,Flights,ALL,1.56%
Momondo,Georgia,Hotel,ALL,5.05%
KAYAK,Georgia,Hotel,ALL,8.13%
Hotelscombined,Georgia,Hotel,ALL,8.72%
KAYAK,Georgia,Hotel Citywide,ALL,6.75%
Momondo,Georgia,Hotel Citywide,ALL,3.78%
Hotelscombined,Georgia,Hotel Citywide,ALL,4.53%
KAYAK,Germany,Car Rentals,ALL,24.56%
Swoodoo,Germany,Flights,ALL,6.00%
KAYAK,Germany,Flights,ALL,0.41%
CheapFlights,Germany,Flights,ALL,0.05%
Momondo,Germany,Flights,ALL,0.13%
Hotelscombined,Germany,Flights,ALL,0.19%
Hotelscombined,Germany,Hotel,ALL,3.31%
Swoodoo,Germany,Hotel,ALL,4.31%
KAYAK,Germany,Hotel,ALL,2.44%
Momondo,Germany,Hotel,ALL,0.09%
KAYAK,Germany,Hotel Citywide,ALL,4.00%
Momondo,Germany,Hotel Citywide,ALL,2.66%
Hotelscombined,Germany,Hotel Citywide,ALL,3.80%
Swoodoo,Germany,Hotel Citywide,ALL,1.65%
KAYAK,Germany,Vacations,ALL,7.49%
Hotelscombined,Germany,Vacations,ALL,2.09%
KAYAK,Ghana,Car Rentals,ALL,25.00%
KAYAK,Ghana,Flights,ALL,2.16%
CheapFlights,Ghana,Flights,ALL,1.55%
Hotelscombined,Ghana,Flights,ALL,9.59%
Momondo,Ghana,Flights,ALL,0.66%
Momondo,Ghana,Hotel,ALL,3.43%
KAYAK,Ghana,Hotel,ALL,4.66%
Hotelscombined,Ghana,Hotel,ALL,8.80%
KAYAK,Ghana,Hotel Citywide,ALL,5.19%
Momondo,Ghana,Hotel Citywide,ALL,2.88%
Hotelscombined,Ghana,Hotel Citywide,ALL,1.67%
KAYAK,Gibraltar,Flights,ALL,3.34%
CheapFlights,Gibraltar,Flights,ALL,8.91%
Hotelscombined,Gibraltar,Flights,ALL,8.40%
Hotelscombined,Gibraltar,Hotel,ALL,4.22%
KAYAK,Gibraltar,Hotel,ALL,1.52%
KAYAK,Gibraltar,Hotel Citywide,ALL,2.86%
Hotelscombined,Gibraltar,Hotel Citywide,ALL,3.44%
KAYAK,Greece,Car Rentals,ALL,20.63%
Momondo,Greece,Car Rentals,ALL,6.88%
Momondo,Greece,Flights,ALL,5.87%
CheapFlights,Greece,Flights,ALL,4.35%
KAYAK,Greece,Flights,ALL,6.09%
Hotelscombined,Greece,Flights,ALL,5.79%
Momondo,Greece,Hotel,ALL,1.88%
Hotelscombined,Greece,Hotel,ALL,5.14%
KAYAK,Greece,Hotel,ALL,6.74%
Momondo,Greece,Hotel Citywide,ALL,4.37%
Hotelscombined,Greece,Hotel Citywide,ALL,3.35%
KAYAK,Greece,Hotel Citywide,ALL,3.13%
CheapFlights,Greenland,Flights,ALL,4.01%
KAYAK,Greenland,Flights,ALL,1.00%
Hotelscombined,Greenland,Flights,ALL,9.03%
KAYAK,Greenland,Hotel,ALL,1.47%
Hotelscombined,Greenland,Hotel,ALL,1.10%
KAYAK,Greenland,Hotel Citywide,ALL,2.51%
Hotelscombined,Greenland,Hotel Citywide,ALL,2.05%
KAYAK,Grenada,Flights,ALL,4.58%
CheapFlights,Grenada,Flights,ALL,2.85%
Momondo,Grenada,Flights,ALL,1.61%
Hotelscombined,Grenada,Flights,ALL,6.07%
KAYAK,Grenada,Hotel,ALL,5.61%
Momondo,Grenada,Hotel,ALL,3.06%
Hotelscombined,Grenada,Hotel,ALL,11.05%
KAYAK,Grenada,Hotel Citywide,ALL,6.46%
Momondo,Grenada,Hotel Citywide,ALL,2.17%
Hotelscombined,Grenada,Hotel Citywide,ALL,2.13%
CheapFlights,Grenada,Hotel Citywide,ALL,0.07%
KAYAK,Guadeloupe,Flights,ALL,1.37%
Momondo,Guadeloupe,Flights,ALL,0.55%
CheapFlights,Guadeloupe,Flights,ALL,0.87%
Hotelscombined,Guadeloupe,Flights,ALL,7.35%
KAYAK,Guadeloupe,Hotel,ALL,5.68%
Momondo,Guadeloupe,Hotel,ALL,2.05%
Hotelscombined,Guadeloupe,Hotel,ALL,7.58%
KAYAK,Guadeloupe,Hotel Citywide,ALL,3.22%
Hotelscombined,Guadeloupe,Hotel Citywide,ALL,3.90%
Momondo,Guadeloupe,Hotel Citywide,ALL,1.29%
CheapFlights,Guadeloupe,Hotel Citywide,ALL,0.03%
KAYAK,Guam,Car Rentals,ALL,25.00%
KAYAK,Guam,Flights,ALL,1.27%
Momondo,Guam,Flights,ALL,1.81%
Hotelscombined,Guam,Flights,ALL,7.41%
CheapFlights,Guam,Flights,ALL,0.18%
Hotelscombined,Guam,Hotel,ALL,10.40%
Momondo,Guam,Hotel,ALL,1.52%
KAYAK,Guam,Hotel,ALL,4.79%
KAYAK,Guam,Hotel Citywide,ALL,8.49%
Momondo,Guam,Hotel Citywide,ALL,2.21%
Hotelscombined,Guam,Hotel Citywide,ALL,4.29%
KAYAK,Guatemala,Car Rentals,ALL,25.01%
KAYAK,Guatemala,Flights,ALL,0.39%
Hotelscombined,Guatemala,Flights,ALL,4.74%
Momondo,Guatemala,Flights,ALL,0.16%
CheapFlights,Guatemala,Flights,ALL,0.14%
Momondo,Guatemala,Hotel,ALL,2.16%
Hotelscombined,Guatemala,Hotel,ALL,11.61%
KAYAK,Guatemala,Hotel,ALL,7.71%
KAYAK,Guatemala,Hotel Citywide,ALL,7.89%
Hotelscombined,Guatemala,Hotel Citywide,ALL,7.35%
Momondo,Guatemala,Hotel Citywide,ALL,2.17%
CheapFlights,Guatemala,Hotel Citywide,ALL,0.01%
Hotelscombined,Guatemala,Vacations,ALL,16.66%
KAYAK,Guernsey,Car Rentals,ALL,25.00%
KAYAK,Guernsey,Flights,ALL,10.73%
Momondo,Guernsey,Flights,ALL,2.12%
CheapFlights,Guernsey,Flights,ALL,1.06%
Hotelscombined,Guernsey,Flights,ALL,6.72%
Momondo,Guernsey,Hotel,ALL,1.99%
KAYAK,Guernsey,Hotel,ALL,5.82%
Hotelscombined,Guernsey,Hotel,ALL,8.16%
KAYAK,Guernsey,Hotel Citywide,ALL,8.69%
Momondo,Guernsey,Hotel Citywide,ALL,2.02%
Hotelscombined,Guernsey,Hotel Citywide,ALL,5.51%
Momondo,Guinea,Car Rentals,ALL,25.00%
Hotelscombined,Guinea,Flights,ALL,10.23%
KAYAK,Guinea,Flights,ALL,0.66%
CheapFlights,Guinea,Flights,ALL,0.53%
Momondo,Guinea,Flights,ALL,0.26%
Momondo,Guinea,Hotel,ALL,3.74%
KAYAK,Guinea,Hotel,ALL,6.66%
Hotelscombined,Guinea,Hotel,ALL,4.16%
KAYAK,Guinea,Hotel Citywide,ALL,4.33%
Momondo,Guinea,Hotel Citywide,ALL,2.70%
Hotelscombined,Guinea,Hotel Citywide,ALL,5.74%
KAYAK,Guinea-Bissau,Flights,ALL,13.78%
CheapFlights,Guinea-Bissau,Flights,ALL,3.35%
Momondo,Guinea-Bissau,Flights,ALL,6.83%
Hotelscombined,Guinea-Bissau,Flights,ALL,3.09%
Momondo,Guinea-Bissau,Hotel,ALL,12.53%
KAYAK,Guinea-Bissau,Hotel,ALL,12.53%
KAYAK,Guinea-Bissau,Hotel Citywide,ALL,4.86%
Momondo,Guinea-Bissau,Hotel Citywide,ALL,2.01%
Hotelscombined,Guinea-Bissau,Hotel Citywide,ALL,4.75%
KAYAK,Guyana,Car Rentals,ALL,25.00%
Hotelscombined,Guyana,Flights,ALL,7.70%
KAYAK,Guyana,Flights,ALL,0.42%
CheapFlights,Guyana,Flights,ALL,0.31%
Momondo,Guyana,Flights,ALL,0.19%
Hotelscombined,Guyana,Hotel,ALL,10.10%
KAYAK,Guyana,Hotel,ALL,6.44%
Momondo,Guyana,Hotel,ALL,2.77%
KAYAK,Guyana,Hotel Citywide,ALL,6.40%
Momondo,Guyana,Hotel Citywide,ALL,3.14%
Hotelscombined,Guyana,Hotel Citywide,ALL,1.15%
KAYAK,Haiti,Car Rentals,ALL,25.00%
CheapFlights,Haiti,Flights,ALL,1.91%
KAYAK,Haiti,Flights,ALL,1.67%
Hotelscombined,Haiti,Flights,ALL,4.18%
Momondo,Haiti,Flights,ALL,0.47%
Hotelscombined,Haiti,Hotel,ALL,10.20%
KAYAK,Haiti,Hotel,ALL,3.99%
Momondo,Haiti,Hotel,ALL,2.71%
KAYAK,Haiti,Hotel Citywide,ALL,4.24%
Hotelscombined,Haiti,Hotel Citywide,ALL,5.17%
Momondo,Haiti,Hotel Citywide,ALL,1.65%
CheapFlights,Haiti,Hotel Citywide,ALL,0.06%
Hotelscombined,Haiti,Vacations,ALL,24.99%
Hotelscombined,Honduras,Flights,ALL,3.33%
KAYAK,Honduras,Flights,ALL,0.17%
CheapFlights,Honduras,Flights,ALL,0.07%
Momondo,Honduras,Flights,ALL,0.06%
Momondo,Honduras,Hotel,ALL,2.71%
Hotelscombined,Honduras,Hotel,ALL,8.21%
KAYAK,Honduras,Hotel,ALL,5.00%
KAYAK,Honduras,Hotel Citywide,ALL,6.24%
Momondo,Honduras,Hotel Citywide,ALL,5.11%
Hotelscombined,Honduras,Hotel Citywide,ALL,2.79%
CheapFlights,Honduras,Hotel Citywide,ALL,0.02%
Hotelscombined,Honduras,Vacations,ALL,13.90%
KAYAK,Hong Kong,Flights,ALL,11.25%
CheapFlights,Hong Kong,Flights,ALL,5.46%
Hotelscombined,Hong Kong,Flights,ALL,4.48%
Hotelscombined,Hong Kong,Hotel,ALL,4.63%
KAYAK,Hong Kong,Hotel,ALL,9.19%
KAYAK,Hong Kong,Hotel Citywide,ALL,5.86%
Hotelscombined,Hong Kong,Hotel Citywide,ALL,3.36%
KAYAK,Hungary,Car Rentals,ALL,17.30%
Momondo,Hungary,Car Rentals,ALL,8.97%
KAYAK,Hungary,Flights,ALL,13.13%
CheapFlights,Hungary,Flights,ALL,6.51%
Momondo,Hungary,Flights,ALL,6.18%
Hotelscombined,Hungary,Flights,ALL,18.78%
Momondo,Hungary,Hotel,ALL,2.40%
KAYAK,Hungary,Hotel,ALL,8.66%
Hotelscombined,Hungary,Hotel,ALL,4.31%
KAYAK,Hungary,Hotel Citywide,ALL,7.65%
Hotelscombined,Hungary,Hotel Citywide,ALL,6.18%
Momondo,Hungary,Hotel Citywide,ALL,4.47%
Hotelscombined,Hungary,Vacations,ALL,24.97%
KAYAK,Iceland,Car Rentals,ALL,17.31%
Momondo,Iceland,Car Rentals,ALL,3.85%
KAYAK,Iceland,Flights,ALL,14.63%
CheapFlights,Iceland,Flights,ALL,3.46%
Momondo,Iceland,Flights,ALL,5.34%
Hotelscombined,Iceland,Flights,ALL,3.19%
Momondo,Iceland,Hotel,ALL,3.67%
Hotelscombined,Iceland,Hotel,ALL,12.67%
KAYAK,Iceland,Hotel,ALL,2.80%
KAYAK,Iceland,Hotel Citywide,ALL,8.57%
Momondo,Iceland,Hotel Citywide,ALL,2.04%
Hotelscombined,Iceland,Hotel Citywide,ALL,3.38%
KAYAK,India,Car Rentals,ALL,24.16%
Momondo,India,Car Rentals,ALL,1.99%
Momondo,India,Flights,ALL,4.95%
CheapFlights,India,Flights,ALL,2.86%
KAYAK,India,Flights,ALL,4.71%
Hotelscombined,India,Flights,ALL,6.99%
Momondo,India,Hotel,ALL,7.58%
Hotelscombined,India,Hotel,ALL,5.67%
KAYAK,India,Hotel,ALL,3.44%
Momondo,India,Hotel Citywide,ALL,4.97%
KAYAK,India,Hotel Citywide,ALL,10.14%
Hotelscombined,India,Hotel Citywide,ALL,11.53%
Hotelscombined,India,Vacations,ALL,20.31%
KAYAK,Indonesia,Car Rentals,ALL,18.75%
Momondo,Indonesia,Car Rentals,ALL,4.69%
Momondo,Indonesia,Flights,ALL,6.31%
KAYAK,Indonesia,Flights,ALL,9.91%
CheapFlights,Indonesia,Flights,ALL,1.66%
Hotelscombined,Indonesia,Flights,ALL,2.19%
Hotelscombined,Indonesia,Hotel,ALL,10.05%
Momondo,Indonesia,Hotel,ALL,1.52%
KAYAK,Indonesia,Hotel,ALL,4.06%
Momondo,Indonesia,Hotel Citywide,ALL,4.56%
Hotelscombined,Indonesia,Hotel Citywide,ALL,1.49%
KAYAK,Indonesia,Hotel Citywide,ALL,1.23%
CheapFlights,Iran,Flights,ALL,2.72%
KAYAK,Iran,Flights,ALL,1.34%
Hotelscombined,Iran,Flights,ALL,10.78%
KAYAK,Iran,Hotel,ALL,5.82%
Hotelscombined,Iran,Hotel,ALL,4.07%
KAYAK,Iran,Hotel Citywide,ALL,1.07%
Hotelscombined,Iran,Hotel Citywide,ALL,1.00%
KAYAK,Iraq,Flights,ALL,4.59%
Momondo,Iraq,Flights,ALL,2.74%
CheapFlights,Iraq,Flights,ALL,1.42%
Hotelscombined,Iraq,Flights,ALL,8.97%
Momondo,Iraq,Hotel,ALL,4.15%
Hotelscombined,Iraq,Hotel,ALL,6.19%
KAYAK,Iraq,Hotel,ALL,6.51%
KAYAK,Iraq,Hotel Citywide,ALL,3.40%
Momondo,Iraq,Hotel Citywide,ALL,1.66%
Hotelscombined,Iraq,Hotel Citywide,ALL,1.79%
KAYAK,Ireland,Car Rentals,ALL,18.74%
Momondo,Ireland,Car Rentals,ALL,8.92%
KAYAK,Ireland,Flights,ALL,14.15%
Momondo,Ireland,Flights,ALL,8.96%
CheapFlights,Ireland,Flights,ALL,3.82%
Hotelscombined,Ireland,Flights,ALL,6.24%
Momondo,Ireland,Hotel,ALL,4.74%
Hotelscombined,Ireland,Hotel,ALL,9.35%
KAYAK,Ireland,Hotel,ALL,2.64%
KAYAK,Ireland,Hotel Citywide,ALL,6.98%
Hotelscombined,Ireland,Hotel Citywide,ALL,13.07%
Momondo,Ireland,Hotel Citywide,ALL,3.38%
Hotelscombined,Ireland,Vacations,ALL,5.00%
KAYAK,Isle of Man,Flights,ALL,0.79%
Hotelscombined,Isle of Man,Flights,ALL,13.17%
CheapFlights,Isle of Man,Flights,ALL,1.42%
Hotelscombined,Isle of Man,Hotel,ALL,4.88%
KAYAK,Isle of Man,Hotel,ALL,2.58%
KAYAK,Isle of Man,Hotel Citywide,ALL,2.62%
Hotelscombined,Isle of Man,Hotel Citywide,ALL,6.18%
KAYAK,Israel,Car Rentals,ALL,20.00%
Momondo,Israel,Car Rentals,ALL,4.17%
KAYAK,Israel,Flights,ALL,5.17%
CheapFlights,Israel,Flights,ALL,2.44%
Momondo,Israel,Flights,ALL,3.30%
Hotelscombined,Israel,Flights,ALL,7.79%
Momondo,Israel,Hotel,ALL,3.74%
KAYAK,Israel,Hotel,ALL,12.23%
Hotelscombined,Israel,Hotel,ALL,11.17%
KAYAK,Israel,Hotel Citywide,ALL,7.43%
Momondo,Israel,Hotel Citywide,ALL,1.09%
Hotelscombined,Israel,Hotel Citywide,ALL,11.60%
KAYAK,Italy,Car Rentals,ALL,24.94%
KAYAK,Italy,Flights,ALL,31.98%
CheapFlights,Italy,Flights,ALL,7.82%
Momondo,Italy,Flights,ALL,20.59%
Hotelscombined,Italy,Flights,ALL,9.49%
KAYAK,Italy,Hotel,ALL,4.48%
Momondo,Italy,Hotel,ALL,0.64%
Hotelscombined,Italy,Hotel,ALL,3.49%
KAYAK,Italy,Hotel Citywide,ALL,4.10%
Momondo,Italy,Hotel Citywide,ALL,1.92%
Hotelscombined,Italy,Hotel Citywide,ALL,4.22%
Hotelscombined,Italy,Vacations,ALL,8.72%
Hotelscombined,Ivory Coast,Flights,ALL,11.30%
CheapFlights,Ivory Coast,Flights,ALL,0.52%
KAYAK,Ivory Coast,Flights,ALL,0.11%
Hotelscombined,Ivory Coast,Hotel,ALL,5.94%
KAYAK,Ivory Coast,Hotel,ALL,3.20%
KAYAK,Ivory Coast,Hotel Citywide,ALL,3.18%
Hotelscombined,Ivory Coast,Hotel Citywide,ALL,6.20%
KAYAK,Jamaica,Car Rentals,ALL,14.29%
Momondo,Jamaica,Car Rentals,ALL,7.14%
CheapFlights,Jamaica,Flights,ALL,2.45%
Hotelscombined,Jamaica,Flights,ALL,3.76%
Momondo,Jamaica,Flights,ALL,0.24%
KAYAK,Jamaica,Flights,ALL,0.28%
Hotelscombined,Jamaica,Hotel,ALL,10.42%
KAYAK,Jamaica,Hotel,ALL,7.02%
Momondo,Jamaica,Hotel,ALL,2.70%
KAYAK,Jamaica,Hotel Citywide,ALL,6.27%
Momondo,Jamaica,Hotel Citywide,ALL,2.01%
Hotelscombined,Jamaica,Hotel Citywide,ALL,1.61%
CheapFlights,Jamaica,Hotel Citywide,ALL,0.01%
Hotelscombined,Jamaica,Vacations,ALL,21.85%
KAYAK,Japan,Car Rentals,ALL,20.95%
Momondo,Japan,Car Rentals,ALL,4.05%
Momondo,Japan,Flights,ALL,3.83%
KAYAK,Japan,Flights,ALL,4.76%
CheapFlights,Japan,Flights,ALL,1.54%
Hotelscombined,Japan,Flights,ALL,7.85%
Hotelscombined,Japan,Hotel,ALL,8.09%
Momondo,Japan,Hotel,ALL,0.77%
KAYAK,Japan,Hotel,ALL,1.64%
Momondo,Japan,Hotel Citywide,ALL,6.48%
Hotelscombined,Japan,Hotel Citywide,ALL,6.67%
KAYAK,Japan,Hotel Citywide,ALL,1.47%
KAYAK,Jersey,Flights,ALL,7.01%
CheapFlights,Jersey,Flights,ALL,2.08%
Hotelscombined,Jersey,Flights,ALL,12.29%
Momondo,Jersey,Flights,ALL,1.73%
Momondo,Jersey,Hotel,ALL,2.28%
KAYAK,Jersey,Hotel,ALL,5.06%
Hotelscombined,Jersey,Hotel,ALL,8.11%
KAYAK,Jersey,Hotel Citywide,ALL,7.07%
Hotelscombined,Jersey,Hotel Citywide,ALL,5.69%
Momondo,Jersey,Hotel Citywide,ALL,2.18%
KAYAK,Jordan,Car Rentals,ALL,20.83%
Momondo,Jordan,Car Rentals,ALL,4.17%
KAYAK,Jordan,Flights,ALL,1.22%
Hotelscombined,Jordan,Flights,ALL,15.04%
CheapFlights,Jordan,Flights,ALL,0.40%
Momondo,Jordan,Flights,ALL,0.54%
Momondo,Jordan,Hotel,ALL,3.30%
KAYAK,Jordan,Hotel,ALL,6.73%
Hotelscombined,Jordan,Hotel,ALL,6.33%
KAYAK,Jordan,Hotel Citywide,ALL,3.71%
Momondo,Jordan,Hotel Citywide,ALL,1.61%
Hotelscombined,Jordan,Hotel Citywide,ALL,1.56%
KAYAK,Kazakhstan,Car Rentals,ALL,25.00%
Momondo,Kazakhstan,Car Rentals,ALL,8.33%
KAYAK,Kazakhstan,Flights,ALL,7.68%
CheapFlights,Kazakhstan,Flights,ALL,2.73%
Momondo,Kazakhstan,Flights,ALL,1.47%
Hotelscombined,Kazakhstan,Flights,ALL,8.74%
Momondo,Kazakhstan,Hotel,ALL,2.68%
KAYAK,Kazakhstan,Hotel,ALL,7.46%
Hotelscombined,Kazakhstan,Hotel,ALL,7.28%
KAYAK,Kazakhstan,Hotel Citywide,ALL,5.04%
Hotelscombined,Kazakhstan,Hotel Citywide,ALL,3.36%
Momondo,Kazakhstan,Hotel Citywide,ALL,2.20%
Hotelscombined,Kazakhstan,Vacations,ALL,12.52%
Momondo,Kenya,Car Rentals,ALL,10.00%
KAYAK,Kenya,Car Rentals,ALL,17.50%
KAYAK,Kenya,Flights,ALL,2.06%
CheapFlights,Kenya,Flights,ALL,1.18%
Momondo,Kenya,Flights,ALL,1.22%
Hotelscombined,Kenya,Flights,ALL,5.03%
Momondo,Kenya,Hotel,ALL,2.83%
KAYAK,Kenya,Hotel,ALL,5.70%
Hotelscombined,Kenya,Hotel,ALL,8.86%
KAYAK,Kenya,Hotel Citywide,ALL,6.31%
Momondo,Kenya,Hotel Citywide,ALL,3.35%
Hotelscombined,Kenya,Hotel Citywide,ALL,1.60%
Hotelscombined,Kenya,Vacations,ALL,12.49%
Hotelscombined,Kiribati,Flights,ALL,12.50%
Momondo,Kiribati,Hotel,ALL,2.50%
Hotelscombined,Kiribati,Hotel,ALL,5.00%
KAYAK,Kiribati,Hotel,ALL,2.50%
Momondo,Kiribati,Hotel Citywide,ALL,9.11%
KAYAK,Kiribati,Hotel Citywide,ALL,3.56%
Hotelscombined,Kiribati,Hotel Citywide,ALL,3.56%
Hotelscombined,Kosovo,Flights,ALL,18.65%
KAYAK,Kosovo,Flights,ALL,1.77%
CheapFlights,Kosovo,Flights,ALL,3.05%
Hotelscombined,Kosovo,Hotel,ALL,7.36%
KAYAK,Kosovo,Hotel,ALL,4.78%
KAYAK,Kosovo,Hotel Citywide,ALL,2.09%
Hotelscombined,Kosovo,Hotel Citywide,ALL,2.41%
KAYAK,Kuwait,Car Rentals,ALL,25.00%
KAYAK,Kuwait,Flights,ALL,1.68%
Hotelscombined,Kuwait,Flights,ALL,14.97%
CheapFlights,Kuwait,Flights,ALL,0.60%
Momondo,Kuwait,Flights,ALL,0.90%
Momondo,Kuwait,Hotel,ALL,2.89%
KAYAK,Kuwait,Hotel,ALL,6.52%
Hotelscombined,Kuwait,Hotel,ALL,5.97%
KAYAK,Kuwait,Hotel Citywide,ALL,3.80%
Momondo,Kuwait,Hotel Citywide,ALL,1.30%
Hotelscombined,Kuwait,Hotel Citywide,ALL,4.19%
KAYAK,Kyrgyzstan,Flights,ALL,3.56%
Momondo,Kyrgyzstan,Flights,ALL,2.32%
CheapFlights,Kyrgyzstan,Flights,ALL,1.49%
Hotelscombined,Kyrgyzstan,Flights,ALL,8.61%
Hotelscombined,Kyrgyzstan,Hotel,ALL,8.56%
KAYAK,Kyrgyzstan,Hotel,ALL,10.22%
Momondo,Kyrgyzstan,Hotel,ALL,1.66%
KAYAK,Kyrgyzstan,Hotel Citywide,ALL,4.66%
Hotelscombined,Kyrgyzstan,Hotel Citywide,ALL,3.78%
Momondo,Kyrgyzstan,Hotel Citywide,ALL,1.63%
KAYAK,Laos,Flights,ALL,3.03%
CheapFlights,Laos,Flights,ALL,2.37%
Momondo,Laos,Flights,ALL,1.42%
Hotelscombined,Laos,Flights,ALL,9.00%
Hotelscombined,Laos,Hotel,ALL,11.37%
KAYAK,Laos,Hotel,ALL,11.77%
Momondo,Laos,Hotel,ALL,1.34%
KAYAK,Laos,Hotel Citywide,ALL,6.18%
Momondo,Laos,Hotel Citywide,ALL,1.51%
Hotelscombined,Laos,Hotel Citywide,ALL,4.05%
KAYAK,Latvia,Car Rentals,ALL,18.77%
Momondo,Latvia,Car Rentals,ALL,9.38%
KAYAK,Latvia,Flights,ALL,14.32%
CheapFlights,Latvia,Flights,ALL,9.04%
Momondo,Latvia,Flights,ALL,4.97%
Hotelscombined,Latvia,Flights,ALL,4.53%
Momondo,Latvia,Hotel,ALL,3.19%
KAYAK,Latvia,Hotel,ALL,8.98%
Hotelscombined,Latvia,Hotel,ALL,9.61%
KAYAK,Latvia,Hotel Citywide,ALL,7.91%
Momondo,Latvia,Hotel Citywide,ALL,2.98%
Hotelscombined,Latvia,Hotel Citywide,ALL,3.28%
KAYAK,Lebanon,Car Rentals,ALL,25.00%
KAYAK,Lebanon,Flights,ALL,1.80%
CheapFlights,Lebanon,Flights,ALL,0.67%
Hotelscombined,Lebanon,Flights,ALL,9.33%
Momondo,Lebanon,Flights,ALL,0.70%
Momondo,Lebanon,Hotel,ALL,2.79%
KAYAK,Lebanon,Hotel,ALL,7.50%
Hotelscombined,Lebanon,Hotel,ALL,6.41%
KAYAK,Lebanon,Hotel Citywide,ALL,5.44%
Momondo,Lebanon,Hotel Citywide,ALL,1.97%
Hotelscombined,Lebanon,Hotel Citywide,ALL,2.40%
KAYAK,Lesotho,Flights,ALL,2.17%
Hotelscombined,Lesotho,Flights,ALL,3.80%
CheapFlights,Lesotho,Flights,ALL,1.63%
Momondo,Lesotho,Flights,ALL,1.63%
Momondo,Lesotho,Hotel,ALL,4.27%
Hotelscombined,Lesotho,Hotel,ALL,5.69%
KAYAK,Lesotho,Hotel,ALL,6.41%
KAYAK,Lesotho,Hotel Citywide,ALL,5.47%
Momondo,Lesotho,Hotel Citywide,ALL,2.80%
Hotelscombined,Lesotho,Hotel Citywide,ALL,0.79%
KAYAK,Liberia,Flights,ALL,1.91%
Momondo,Liberia,Flights,ALL,0.64%
Hotelscombined,Liberia,Flights,ALL,9.22%
CheapFlights,Liberia,Flights,ALL,0.48%
Momondo,Liberia,Hotel,ALL,4.87%
Hotelscombined,Liberia,Hotel,ALL,6.08%
KAYAK,Liberia,Hotel,ALL,2.43%
KAYAK,Liberia,Hotel Citywide,ALL,5.48%
Momondo,Liberia,Hotel Citywide,ALL,2.39%
Hotelscombined,Liberia,Hotel Citywide,ALL,3.24%
KAYAK,Libya,Flights,ALL,2.80%
Hotelscombined,Libya,Flights,ALL,7.46%
CheapFlights,Libya,Flights,ALL,0.59%
Momondo,Libya,Flights,ALL,0.80%
Momondo,Libya,Hotel,ALL,2.65%
KAYAK,Libya,Hotel,ALL,7.95%
Hotelscombined,Libya,Hotel,ALL,6.62%
KAYAK,Libya,Hotel Citywide,ALL,3.31%
Momondo,Libya,Hotel Citywide,ALL,1.76%
Hotelscombined,Libya,Hotel Citywide,ALL,1.67%
KAYAK,Liechtenstein,Flights,ALL,6.53%
CheapFlights,Liechtenstein,Flights,ALL,1.95%
Momondo,Liechtenstein,Flights,ALL,2.09%
Hotelscombined,Liechtenstein,Flights,ALL,7.37%
Momondo,Liechtenstein,Hotel,ALL,1.69%
KAYAK,Liechtenstein,Hotel,ALL,6.05%
Hotelscombined,Liechtenstein,Hotel,ALL,6.94%
KAYAK,Liechtenstein,Hotel Citywide,ALL,7.60%
Momondo,Liechtenstein,Hotel Citywide,ALL,2.15%
Hotelscombined,Liechtenstein,Hotel Citywide,ALL,4.53%
KAYAK,Lithuania,Car Rentals,ALL,16.68%
Momondo,Lithuania,Car Rentals,ALL,10.42%
KAYAK,Lithuania,Flights,ALL,14.83%
CheapFlights,Lithuania,Flights,ALL,8.74%
Momondo,Lithuania,Flights,ALL,4.90%
Hotelscombined,Lithuania,Flights,ALL,4.59%
Momondo,Lithuania,Hotel,ALL,2.62%
KAYAK,Lithuania,Hotel,ALL,9.14%
Hotelscombined,Lithuania,Hotel,ALL,9.63%
KAYAK,Lithuania,Hotel Citywide,ALL,11.00%
Momondo,Lithuania,Hotel Citywide,ALL,3.32%
Hotelscombined,Lithuania,Hotel Citywide,ALL,6.44%
KAYAK,Luxembourg,Car Rentals,ALL,17.43%
Momondo,Luxembourg,Car Rentals,ALL,9.85%
KAYAK,Luxembourg,Flights,ALL,4.87%
CheapFlights,Luxembourg,Flights,ALL,1.40%
Hotelscombined,Luxembourg,Flights,ALL,8.36%
Momondo,Luxembourg,Flights,ALL,1.99%
Momondo,Luxembourg,Hotel,ALL,1.89%
KAYAK,Luxembourg,Hotel,ALL,4.62%
Hotelscombined,Luxembourg,Hotel,ALL,6.24%
KAYAK,Luxembourg,Hotel Citywide,ALL,7.13%
Momondo,Luxembourg,Hotel Citywide,ALL,2.93%
Hotelscombined,Luxembourg,Hotel Citywide,ALL,4.21%
KAYAK,Macao,Flights,ALL,2.79%
CheapFlights,Macao,Flights,ALL,2.79%
Hotelscombined,Macao,Flights,ALL,10.53%
KAYAK,Macao,Hotel,ALL,3.57%
Hotelscombined,Macao,Hotel,ALL,3.40%
KAYAK,Macao,Hotel Citywide,ALL,1.52%
Hotelscombined,Macao,Hotel Citywide,ALL,2.22%
CheapFlights,Madagascar,Flights,ALL,1.11%
Hotelscombined,Madagascar,Flights,ALL,5.56%
KAYAK,Madagascar,Flights,ALL,0.42%
Momondo,Madagascar,Flights,ALL,0.22%
Momondo,Madagascar,Hotel,ALL,2.93%
KAYAK,Madagascar,Hotel,ALL,6.72%
Hotelscombined,Madagascar,Hotel,ALL,6.72%
KAYAK,Madagascar,Hotel Citywide,ALL,8.28%
Momondo,Madagascar,Hotel Citywide,ALL,3.08%
Hotelscombined,Madagascar,Hotel Citywide,ALL,2.38%
KAYAK,Malawi,Flights,ALL,1.88%
CheapFlights,Malawi,Flights,ALL,1.30%
Hotelscombined,Malawi,Flights,ALL,6.21%
Momondo,Malawi,Flights,ALL,0.58%
Momondo,Malawi,Hotel,ALL,4.40%
Hotelscombined,Malawi,Hotel,ALL,8.58%
KAYAK,Malawi,Hotel,ALL,4.40%
KAYAK,Malawi,Hotel Citywide,ALL,5.28%
Momondo,Malawi,Hotel Citywide,ALL,3.59%
Hotelscombined,Malawi,Hotel Citywide,ALL,1.19%
KAYAK,Malaysia,Car Rentals,ALL,18.76%
Momondo,Malaysia,Car Rentals,ALL,8.13%
CheapFlights,Malaysia,Flights,ALL,12.01%
Momondo,Malaysia,Flights,ALL,8.30%
KAYAK,Malaysia,Flights,ALL,8.94%
Hotelscombined,Malaysia,Flights,ALL,0.98%
Hotelscombined,Malaysia,Hotel,ALL,11.93%
Momondo,Malaysia,Hotel,ALL,1.92%
KAYAK,Malaysia,Hotel,ALL,6.56%
Momondo,Malaysia,Hotel Citywide,ALL,5.31%
KAYAK,Malaysia,Hotel Citywide,ALL,2.86%
Hotelscombined,Malaysia,Hotel Citywide,ALL,3.06%
KAYAK,Maldives,Car Rentals,ALL,25.00%
Momondo,Maldives,Flights,ALL,1.11%
KAYAK,Maldives,Flights,ALL,1.26%
Hotelscombined,Maldives,Flights,ALL,10.79%
CheapFlights,Maldives,Flights,ALL,0.42%
Hotelscombined,Maldives,Hotel,ALL,9.29%
KAYAK,Maldives,Hotel,ALL,7.34%
Momondo,Maldives,Hotel,ALL,1.83%
KAYAK,Maldives,Hotel Citywide,ALL,5.33%
Momondo,Maldives,Hotel Citywide,ALL,1.25%
Hotelscombined,Maldives,Hotel Citywide,ALL,4.11%
KAYAK,Mali,Flights,ALL,0.94%
Hotelscombined,Mali,Flights,ALL,11.02%
CheapFlights,Mali,Flights,ALL,0.51%
Momondo,Mali,Flights,ALL,0.35%
Momondo,Mali,Hotel,ALL,2.27%
KAYAK,Mali,Hotel,ALL,5.11%
Hotelscombined,Mali,Hotel,ALL,3.40%
KAYAK,Mali,Hotel Citywide,ALL,6.32%
Momondo,Mali,Hotel Citywide,ALL,2.32%
Hotelscombined,Mali,Hotel Citywide,ALL,2.90%
KAYAK,Malta,Car Rentals,ALL,17.83%
Momondo,Malta,Car Rentals,ALL,10.70%
KAYAK,Malta,Flights,ALL,14.13%
CheapFlights,Malta,Flights,ALL,3.99%
Momondo,Malta,Flights,ALL,5.23%
Hotelscombined,Malta,Flights,ALL,4.06%
Momondo,Malta,Hotel,ALL,3.15%
Hotelscombined,Malta,Hotel,ALL,10.82%
KAYAK,Malta,Hotel,ALL,4.13%
KAYAK,Malta,Hotel Citywide,ALL,7.99%
Momondo,Malta,Hotel Citywide,ALL,2.27%
Hotelscombined,Malta,Hotel Citywide,ALL,3.61%
Momondo,Marshall Islands,Flights,ALL,3.13%
Hotelscombined,Marshall Islands,Flights,ALL,9.38%
CheapFlights,Marshall Islands,Flights,ALL,3.13%
KAYAK,Marshall Islands,Hotel,ALL,2.68%
Hotelscombined,Marshall Islands,Hotel,ALL,7.14%
Momondo,Marshall Islands,Hotel,ALL,0.89%
KAYAK,Marshall Islands,Hotel Citywide,ALL,7.73%
Momondo,Marshall Islands,Hotel Citywide,ALL,2.34%
Hotelscombined,Marshall Islands,Hotel Citywide,ALL,3.33%
KAYAK,Martinique,Flights,ALL,1.32%
CheapFlights,Martinique,Flights,ALL,0.95%
Hotelscombined,Martinique,Flights,ALL,7.94%
Momondo,Martinique,Flights,ALL,0.48%
KAYAK,Martinique,Hotel,ALL,6.20%
Momondo,Martinique,Hotel,ALL,2.53%
Hotelscombined,Martinique,Hotel,ALL,8.40%
KAYAK,Martinique,Hotel Citywide,ALL,3.34%
Hotelscombined,Martinique,Hotel Citywide,ALL,4.26%
Momondo,Martinique,Hotel Citywide,ALL,1.24%
CheapFlights,Martinique,Hotel Citywide,ALL,0.03%
Hotelscombined,Mauritania,Flights,ALL,11.94%
KAYAK,Mauritania,Flights,ALL,0.67%
CheapFlights,Mauritania,Flights,ALL,0.41%
Momondo,Mauritania,Flights,ALL,0.29%
Momondo,Mauritania,Hotel,ALL,3.30%
Hotelscombined,Mauritania,Hotel,ALL,7.08%
KAYAK,Mauritania,Hotel,ALL,6.61%
KAYAK,Mauritania,Hotel Citywide,ALL,4.21%
Hotelscombined,Mauritania,Hotel Citywide,ALL,5.13%
Momondo,Mauritania,Hotel Citywide,ALL,1.89%
KAYAK,Mauritius,Car Rentals,ALL,15.00%
Momondo,Mauritius,Car Rentals,ALL,10.00%
KAYAK,Mauritius,Flights,ALL,1.07%
CheapFlights,Mauritius,Flights,ALL,0.69%
Hotelscombined,Mauritius,Flights,ALL,6.68%
Momondo,Mauritius,Flights,ALL,0.51%
Momondo,Mauritius,Hotel,ALL,2.99%
KAYAK,Mauritius,Hotel,ALL,5.88%
Hotelscombined,Mauritius,Hotel,ALL,8.30%
KAYAK,Mauritius,Hotel Citywide,ALL,6.17%
Momondo,Mauritius,Hotel Citywide,ALL,2.12%
Hotelscombined,Mauritius,Hotel Citywide,ALL,2.64%
CheapFlights,Mayotte,Flights,ALL,1.74%
Hotelscombined,Mayotte,Flights,ALL,7.62%
Hotelscombined,Mayotte,Hotel,ALL,0.62%
KAYAK,Mayotte,Hotel,ALL,1.25%
KAYAK,Mayotte,Hotel Citywide,ALL,1.52%
Hotelscombined,Mayotte,Hotel Citywide,ALL,2.96%
KAYAK,Mexico,Car Rentals,ALL,24.11%
KAYAK,Mexico,Flights,ALL,5.13%
CheapFlights,Mexico,Flights,ALL,4.34%
Momondo,Mexico,Flights,ALL,2.71%
Hotelscombined,Mexico,Flights,ALL,0.50%
Hotelscombined,Mexico,Hotel,ALL,8.99%
KAYAK,Mexico,Hotel,ALL,6.54%
Momondo,Mexico,Hotel,ALL,1.28%
KAYAK,Mexico,Hotel Citywide,ALL,6.00%
Hotelscombined,Mexico,Hotel Citywide,ALL,4.38%
Momondo,Mexico,Hotel Citywide,ALL,2.81%
Hotelscombined,Mexico,Vacations,ALL,16.40%
KAYAK,Mexico,Vacations,ALL,1.73%
KAYAK,Moldova,Car Rentals,ALL,25.00%
KAYAK,Moldova,Flights,ALL,12.41%
CheapFlights,Moldova,Flights,ALL,2.25%
Momondo,Moldova,Flights,ALL,4.64%
Hotelscombined,Moldova,Flights,ALL,5.74%
Momondo,Moldova,Hotel,ALL,2.15%
KAYAK,Moldova,Hotel,ALL,7.75%
Hotelscombined,Moldova,Hotel,ALL,5.25%
KAYAK,Moldova,Hotel Citywide,ALL,5.08%
Momondo,Moldova,Hotel Citywide,ALL,1.75%
Hotelscombined,Moldova,Hotel Citywide,ALL,1.76%
KAYAK,Monaco,Car Rentals,ALL,25.00%
KAYAK,Monaco,Flights,ALL,4.75%
CheapFlights,Monaco,Flights,ALL,1.87%
Momondo,Monaco,Flights,ALL,1.52%
Hotelscombined,Monaco,Flights,ALL,7.84%
Momondo,Monaco,Hotel,ALL,2.11%
KAYAK,Monaco,Hotel,ALL,4.88%
Hotelscombined,Monaco,Hotel,ALL,6.75%
KAYAK,Monaco,Hotel Citywide,ALL,10.54%
Momondo,Monaco,Hotel Citywide,ALL,2.36%
Hotelscombined,Monaco,Hotel Citywide,ALL,5.76%
Hotelscombined,Monaco,Vacations,ALL,25.04%
Momondo,Mongolia,Flights,ALL,1.79%
KAYAK,Mongolia,Flights,ALL,1.56%
Hotelscombined,Mongolia,Flights,ALL,9.09%
CheapFlights,Mongolia,Flights,ALL,0.61%
KAYAK,Mongolia,Hotel,ALL,8.63%
Hotelscombined,Mongolia,Hotel,ALL,12.41%
Momondo,Mongolia,Hotel,ALL,2.70%
KAYAK,Mongolia,Hotel Citywide,ALL,10.60%
Momondo,Mongolia,Hotel Citywide,ALL,2.12%
Hotelscombined,Mongolia,Hotel Citywide,ALL,1.49%
KAYAK,Montenegro,Car Rentals,ALL,16.67%
Momondo,Montenegro,Car Rentals,ALL,8.34%
KAYAK,Montenegro,Flights,ALL,11.34%
CheapFlights,Montenegro,Flights,ALL,2.53%
Momondo,Montenegro,Flights,ALL,4.67%
Hotelscombined,Montenegro,Flights,ALL,8.66%
Momondo,Montenegro,Hotel,ALL,2.80%
KAYAK,Montenegro,Hotel,ALL,7.96%
Hotelscombined,Montenegro,Hotel,ALL,3.59%
KAYAK,Montenegro,Hotel Citywide,ALL,5.58%
Momondo,Montenegro,Hotel Citywide,ALL,2.77%
Hotelscombined,Montenegro,Hotel Citywide,ALL,2.15%
CheapFlights,Montserrat,Flights,ALL,1.39%
Hotelscombined,Montserrat,Flights,ALL,4.17%
Hotelscombined,Montserrat,Hotel,ALL,18.04%
KAYAK,Montserrat,Hotel,ALL,8.32%
Momondo,Montserrat,Hotel,ALL,1.39%
KAYAK,Montserrat,Hotel Citywide,ALL,7.63%
Momondo,Montserrat,Hotel Citywide,ALL,3.90%
Hotelscombined,Montserrat,Hotel Citywide,ALL,3.55%
KAYAK,Morocco,Car Rentals,ALL,19.34%
Momondo,Morocco,Car Rentals,ALL,5.12%
Hotelscombined,Morocco,Flights,ALL,7.27%
KAYAK,Morocco,Flights,ALL,0.55%
CheapFlights,Morocco,Flights,ALL,0.33%
Momondo,Morocco,Flights,ALL,0.29%
Momondo,Morocco,Hotel,ALL,3.42%
KAYAK,Morocco,Hotel,ALL,5.72%
Hotelscombined,Morocco,Hotel,ALL,6.33%
KAYAK,Morocco,Hotel Citywide,ALL,4.81%
Momondo,Morocco,Hotel Citywide,ALL,2.04%
Hotelscombined,Morocco,Hotel Citywide,ALL,4.64%
KAYAK,Mozambique,Car Rentals,ALL,16.25%
Momondo,Mozambique,Car Rentals,ALL,13.75%
KAYAK,Mozambique,Flights,ALL,13.67%
Momondo,Mozambique,Flights,ALL,6.57%
CheapFlights,Mozambique,Flights,ALL,3.35%
Hotelscombined,Mozambique,Flights,ALL,3.81%
Momondo,Mozambique,Hotel,ALL,3.58%
KAYAK,Mozambique,Hotel,ALL,9.23%
Hotelscombined,Mozambique,Hotel,ALL,8.44%
KAYAK,Mozambique,Hotel Citywide,ALL,8.39%
Momondo,Mozambique,Hotel Citywide,ALL,3.49%
Hotelscombined,Mozambique,Hotel Citywide,ALL,1.55%
KAYAK,Myanmar,Flights,ALL,1.75%
CheapFlights,Myanmar,Flights,ALL,1.24%
Momondo,Myanmar,Flights,ALL,1.17%
Hotelscombined,Myanmar,Flights,ALL,4.23%
Hotelscombined,Myanmar,Hotel,ALL,12.11%
KAYAK,Myanmar,Hotel,ALL,10.40%
Momondo,Myanmar,Hotel,ALL,2.39%
KAYAK,Myanmar,Hotel Citywide,ALL,6.73%
Momondo,Myanmar,Hotel Citywide,ALL,1.12%
Hotelscombined,Myanmar,Hotel Citywide,ALL,3.20%
KAYAK,Namibia,Flights,ALL,5.80%
Momondo,Namibia,Flights,ALL,2.80%
CheapFlights,Namibia,Flights,ALL,1.84%
Hotelscombined,Namibia,Flights,ALL,6.07%
Momondo,Namibia,Hotel,ALL,4.23%
Hotelscombined,Namibia,Hotel,ALL,8.59%
KAYAK,Namibia,Hotel,ALL,6.85%
KAYAK,Namibia,Hotel Citywide,ALL,7.75%
Momondo,Namibia,Hotel Citywide,ALL,3.68%
Hotelscombined,Namibia,Hotel Citywide,ALL,0.96%
KAYAK,Nauru,Flights,ALL,5.36%
Momondo,Nauru,Flights,ALL,1.79%
Hotelscombined,Nauru,Flights,ALL,1.79%
Momondo,Nauru,Hotel,ALL,4.17%
KAYAK,Nauru,Hotel Citywide,ALL,3.47%
Momondo,Nauru,Hotel Citywide,ALL,1.39%
Hotelscombined,Nauru,Hotel Citywide,ALL,5.20%
KAYAK,Nepal,Car Rentals,ALL,25.00%
Momondo,Nepal,Car Rentals,ALL,8.33%
Momondo,Nepal,Flights,ALL,1.75%
KAYAK,Nepal,Flights,ALL,1.51%
CheapFlights,Nepal,Flights,ALL,0.68%
Hotelscombined,Nepal,Flights,ALL,8.69%
KAYAK,Nepal,Hotel,ALL,6.85%
Hotelscombined,Nepal,Hotel,ALL,8.25%
Momondo,Nepal,Hotel,ALL,1.75%
KAYAK,Nepal,Hotel Citywide,ALL,4.99%
Momondo,Nepal,Hotel Citywide,ALL,1.51%
Hotelscombined,Nepal,Hotel Citywide,ALL,3.30%
KAYAK,Netherlands,Car Rentals,ALL,24.99%
Momondo,Netherlands,Flights,ALL,4.97%
CheapFlights,Netherlands,Flights,ALL,3.78%
KAYAK,Netherlands,Flights,ALL,5.44%
Hotelscombined,Netherlands,Flights,ALL,0.26%
Hotelscombined,Netherlands,Hotel,ALL,8.81%
Momondo,Netherlands,Hotel,ALL,0.47%
KAYAK,Netherlands,Hotel,ALL,3.23%
KAYAK,Netherlands,Hotel Citywide,ALL,3.79%
Momondo,Netherlands,Hotel Citywide,ALL,4.63%
Hotelscombined,Netherlands,Hotel Citywide,ALL,5.38%
Hotelscombined,Netherlands,Vacations,ALL,25.00%
KAYAK,New Caledonia,Car Rentals,ALL,25.00%
Momondo,New Caledonia,Car Rentals,ALL,25.00%
CheapFlights,New Caledonia,Flights,ALL,1.69%
Hotelscombined,New Caledonia,Flights,ALL,8.44%
Momondo,New Caledonia,Flights,ALL,0.19%
KAYAK,New Caledonia,Flights,ALL,0.23%
Hotelscombined,New Caledonia,Hotel,ALL,6.21%
KAYAK,New Caledonia,Hotel,ALL,6.77%
Momondo,New Caledonia,Hotel,ALL,0.74%
KAYAK,New Caledonia,Hotel Citywide,ALL,6.29%
Momondo,New Caledonia,Hotel Citywide,ALL,2.30%
Hotelscombined,New Caledonia,Hotel Citywide,ALL,4.08%
KAYAK,New Zealand,Car Rentals,ALL,22.24%
Momondo,New Zealand,Car Rentals,ALL,3.02%
CheapFlights,New Zealand,Flights,ALL,12.91%
Momondo,New Zealand,Flights,ALL,8.47%
KAYAK,New Zealand,Flights,ALL,6.33%
Hotelscombined,New Zealand,Flights,ALL,1.01%
Hotelscombined,New Zealand,Hotel,ALL,7.90%
Momondo,New Zealand,Hotel,ALL,0.99%
KAYAK,New Zealand,Hotel,ALL,8.73%
Momondo,New Zealand,Hotel Citywide,ALL,9.07%
Hotelscombined,New Zealand,Hotel Citywide,ALL,3.83%
KAYAK,New Zealand,Hotel Citywide,ALL,4.75%
Hotelscombined,New Zealand,Vacations,ALL,25.02%
Hotelscombined,Nicaragua,Flights,ALL,4.10%
KAYAK,Nicaragua,Flights,ALL,0.45%
CheapFlights,Nicaragua,Flights,ALL,0.27%
Momondo,Nicaragua,Flights,ALL,0.12%
Momondo,Nicaragua,Hotel,ALL,2.78%
KAYAK,Nicaragua,Hotel,ALL,6.88%
Hotelscombined,Nicaragua,Hotel,ALL,10.98%
KAYAK,Nicaragua,Hotel Citywide,ALL,5.58%
Momondo,Nicaragua,Hotel Citywide,ALL,6.23%
Hotelscombined,Nicaragua,Hotel Citywide,ALL,1.42%
CheapFlights,Nicaragua,Hotel Citywide,ALL,0.26%
Hotelscombined,Nicaragua,Vacations,ALL,12.50%
Hotelscombined,Niger,Flights,ALL,8.97%
KAYAK,Niger,Flights,ALL,0.74%
CheapFlights,Niger,Flights,ALL,0.60%
Momondo,Niger,Flights,ALL,0.31%
KAYAK,Niger,Hotel,ALL,8.13%
Momondo,Niger,Hotel,ALL,1.25%
Hotelscombined,Niger,Hotel,ALL,3.13%
KAYAK,Niger,Hotel Citywide,ALL,5.52%
Momondo,Niger,Hotel Citywide,ALL,3.40%
Hotelscombined,Niger,Hotel Citywide,ALL,4.39%
KAYAK,Nigeria,Car Rentals,ALL,20.59%
Momondo,Nigeria,Car Rentals,ALL,4.41%
KAYAK,Nigeria,Flights,ALL,1.87%
CheapFlights,Nigeria,Flights,ALL,1.36%
Momondo,Nigeria,Flights,ALL,0.92%
Hotelscombined,Nigeria,Flights,ALL,7.31%
Momondo,Nigeria,Hotel,ALL,3.55%
KAYAK,Nigeria,Hotel,ALL,4.71%
Hotelscombined,Nigeria,Hotel,ALL,8.11%
KAYAK,Nigeria,Hotel Citywide,ALL,3.99%
Momondo,Nigeria,Hotel Citywide,ALL,2.20%
Hotelscombined,Nigeria,Hotel Citywide,ALL,1.89%
KAYAK,Norfolk Island,Hotel Citywide,ALL,4.43%
Hotelscombined,Norfolk Island,Hotel Citywide,ALL,4.43%
KAYAK,North Macedonia,Flights,ALL,4.48%
CheapFlights,North Macedonia,Flights,ALL,11.12%
Hotelscombined,North Macedonia,Flights,ALL,7.25%
Hotelscombined,North Macedonia,Hotel,ALL,3.65%
KAYAK,North Macedonia,Hotel,ALL,1.37%
KAYAK,North Macedonia,Hotel Citywide,ALL,2.08%
Hotelscombined,North Macedonia,Hotel Citywide,ALL,2.10%
Hotelscombined,North Macedonia,Vacations,ALL,25.04%
CheapFlights,Northern Mariana Islands,Flights,ALL,1.67%
KAYAK,Northern Mariana Islands,Flights,ALL,1.67%
Momondo,Northern Mariana Islands,Flights,ALL,0.83%
Hotelscombined,Northern Mariana Islands,Flights,ALL,8.33%
Momondo,Northern Mariana Islands,Hotel,ALL,2.29%
Hotelscombined,Northern Mariana Islands,Hotel,ALL,12.33%
KAYAK,Northern Mariana Islands,Hotel,ALL,5.16%
KAYAK,Northern Mariana Islands,Hotel Citywide,ALL,13.74%
Momondo,Northern Mariana Islands,Hotel Citywide,ALL,1.81%
Hotelscombined,Northern Mariana Islands,Hotel Citywide,ALL,4.18%
KAYAK,Norway,Car Rentals,ALL,25.00%
Momondo,Norway,Flights,ALL,22.98%
KAYAK,Norway,Flights,ALL,11.14%
CheapFlights,Norway,Flights,ALL,2.01%
Hotelscombined,Norway,Flights,ALL,0.45%
Momondo,Norway,Hotel,ALL,1.43%
Hotelscombined,Norway,Hotel,ALL,7.30%
KAYAK,Norway,Hotel,ALL,3.80%
Momondo,Norway,Hotel Citywide,ALL,15.00%
KAYAK,Norway,Hotel Citywide,ALL,3.85%
Hotelscombined,Norway,Hotel Citywide,ALL,5.21%
Momondo,Oman,Car Rentals,ALL,24.99%
KAYAK,Oman,Flights,ALL,1.28%
Hotelscombined,Oman,Flights,ALL,9.76%
Momondo,Oman,Flights,ALL,0.48%
CheapFlights,Oman,Flights,ALL,0.43%
Momondo,Oman,Hotel,ALL,2.54%
KAYAK,Oman,Hotel,ALL,6.87%
Hotelscombined,Oman,Hotel,ALL,6.71%
KAYAK,Oman,Hotel Citywide,ALL,5.25%
Momondo,Oman,Hotel Citywide,ALL,1.22%
Hotelscombined,Oman,Hotel Citywide,ALL,3.22%
Momondo,Pakistan,Car Rentals,ALL,7.99%
KAYAK,Pakistan,Car Rentals,ALL,12.99%
Momondo,Pakistan,Flights,ALL,0.79%
Hotelscombined,Pakistan,Flights,ALL,9.41%
KAYAK,Pakistan,Flights,ALL,0.67%
CheapFlights,Pakistan,Flights,ALL,0.27%
Hotelscombined,Pakistan,Hotel,ALL,8.21%
Momondo,Pakistan,Hotel,ALL,1.38%
KAYAK,Pakistan,Hotel,ALL,5.38%
KAYAK,Pakistan,Hotel Citywide,ALL,6.59%
Momondo,Pakistan,Hotel Citywide,ALL,2.03%
Hotelscombined,Pakistan,Hotel Citywide,ALL,2.05%
Momondo,Palau,Flights,ALL,1.56%
Hotelscombined,Palau,Flights,ALL,7.81%
Hotelscombined,Palau,Hotel,ALL,12.24%
KAYAK,Palau,Hotel,ALL,5.01%
Momondo,Palau,Hotel,ALL,0.56%
KAYAK,Palau,Hotel Citywide,ALL,9.38%
Momondo,Palau,Hotel Citywide,ALL,2.46%
Hotelscombined,Palau,Hotel Citywide,ALL,3.32%
CheapFlights,Palestine,Flights,ALL,2.48%
KAYAK,Palestine,Flights,ALL,0.95%
Hotelscombined,Palestine,Flights,ALL,12.21%
KAYAK,Palestine,Hotel,ALL,7.64%
Hotelscombined,Palestine,Hotel,ALL,5.56%
KAYAK,Palestine,Hotel Citywide,ALL,1.80%
Hotelscombined,Palestine,Hotel Citywide,ALL,1.67%
KAYAK,Panama,Car Rentals,ALL,22.24%
KAYAK,Panama,Flights,ALL,0.67%
Hotelscombined,Panama,Flights,ALL,4.65%
CheapFlights,Panama,Flights,ALL,0.34%
Momondo,Panama,Flights,ALL,0.22%
Hotelscombined,Panama,Hotel,ALL,10.70%
Momondo,Panama,Hotel,ALL,3.07%
KAYAK,Panama,Hotel,ALL,10.55%
KAYAK,Panama,Hotel Citywide,ALL,7.23%
Momondo,Panama,Hotel Citywide,ALL,5.88%
Hotelscombined,Panama,Hotel Citywide,ALL,2.94%
Hotelscombined,Panama,Vacations,ALL,16.67%
CheapFlights,Papua New Guinea,Flights,ALL,1.18%
KAYAK,Papua New Guinea,Flights,ALL,1.88%
Momondo,Papua New Guinea,Flights,ALL,1.41%
Hotelscombined,Papua New Guinea,Flights,ALL,2.82%
Hotelscombined,Papua New Guinea,Hotel,ALL,9.18%
KAYAK,Papua New Guinea,Hotel,ALL,6.31%
Momondo,Papua New Guinea,Hotel,ALL,1.58%
KAYAK,Papua New Guinea,Hotel Citywide,ALL,8.84%
Momondo,Papua New Guinea,Hotel Citywide,ALL,4.33%
Hotelscombined,Papua New Guinea,Hotel Citywide,ALL,1.27%
KAYAK,Paraguay,Car Rentals,ALL,25.01%
KAYAK,Paraguay,Flights,ALL,2.05%
CheapFlights,Paraguay,Flights,ALL,0.77%
Hotelscombined,Paraguay,Flights,ALL,5.36%
Momondo,Paraguay,Flights,ALL,0.70%
KAYAK,Paraguay,Hotel,ALL,11.83%
Momondo,Paraguay,Hotel,ALL,2.82%
Hotelscombined,Paraguay,Hotel,ALL,10.79%
KAYAK,Paraguay,Hotel Citywide,ALL,9.27%
Momondo,Paraguay,Hotel Citywide,ALL,2.25%
Hotelscombined,Paraguay,Hotel Citywide,ALL,3.39%
KAYAK,Peru,Car Rentals,ALL,23.94%
Momondo,Peru,Car Rentals,ALL,4.16%
KAYAK,Peru,Flights,ALL,16.42%
Momondo,Peru,Flights,ALL,4.94%
CheapFlights,Peru,Flights,ALL,2.36%
Hotelscombined,Peru,Flights,ALL,1.62%
Momondo,Peru,Hotel,ALL,2.37%
Hotelscombined,Peru,Hotel,ALL,11.14%
KAYAK,Peru,Hotel,ALL,8.20%
KAYAK,Peru,Hotel Citywide,ALL,5.54%
Momondo,Peru,Hotel Citywide,ALL,6.98%
Hotelscombined,Peru,Hotel Citywide,ALL,3.63%
Hotelscombined,Peru,Vacations,ALL,12.51%
KAYAK,Philippines,Car Rentals,ALL,19.34%
Momondo,Philippines,Car Rentals,ALL,3.83%
Momondo,Philippines,Flights,ALL,6.88%
KAYAK,Philippines,Flights,ALL,7.74%
CheapFlights,Philippines,Flights,ALL,3.07%
Hotelscombined,Philippines,Flights,ALL,5.13%
Hotelscombined,Philippines,Hotel,ALL,13.14%
KAYAK,Philippines,Hotel,ALL,12.49%
Momondo,Philippines,Hotel,ALL,2.60%
KAYAK,Philippines,Hotel Citywide,ALL,12.00%
Momondo,Philippines,Hotel Citywide,ALL,2.79%
Hotelscombined,Philippines,Hotel Citywide,ALL,3.52%
KAYAK,Poland,Car Rentals,ALL,24.99%
CheapFlights,Poland,Flights,ALL,6.78%
Momondo,Poland,Flights,ALL,9.85%
KAYAK,Poland,Flights,ALL,4.96%
Hotelscombined,Poland,Flights,ALL,3.17%
Hotelscombined,Poland,Hotel,ALL,10.81%
KAYAK,Poland,Hotel,ALL,10.25%
Momondo,Poland,Hotel,ALL,0.73%
Hotelscombined,Poland,Hotel Citywide,ALL,2.00%
Momondo,Poland,Hotel Citywide,ALL,0.98%
KAYAK,Poland,Hotel Citywide,ALL,0.25%
Hotelscombined,Poland,Vacations,ALL,8.33%
KAYAK,Portugal,Car Rentals,ALL,22.13%
Momondo,Portugal,Flights,ALL,13.63%
CheapFlights,Portugal,Flights,ALL,5.38%
KAYAK,Portugal,Flights,ALL,8.75%
Hotelscombined,Portugal,Flights,ALL,0.35%
Hotelscombined,Portugal,Hotel,ALL,8.73%
Momondo,Portugal,Hotel,ALL,1.63%
KAYAK,Portugal,Hotel,ALL,5.46%
Momondo,Portugal,Hotel Citywide,ALL,5.11%
Hotelscombined,Portugal,Hotel Citywide,ALL,3.08%
KAYAK,Portugal,Hotel Citywide,ALL,1.53%
Hotelscombined,Puerto Rico,Flights,ALL,4.18%
CheapFlights,Puerto Rico,Flights,ALL,0.14%
KAYAK,Puerto Rico,Flights,ALL,0.06%
Hotelscombined,Puerto Rico,Hotel,ALL,4.58%
KAYAK,Puerto Rico,Hotel,ALL,1.97%
KAYAK,Puerto Rico,Hotel Citywide,ALL,1.21%
Hotelscombined,Puerto Rico,Hotel Citywide,ALL,1.18%
Hotelscombined,Puerto Rico,Vacations,ALL,15.55%
KAYAK,Qatar,Car Rentals,ALL,20.83%
Momondo,Qatar,Car Rentals,ALL,8.33%
KAYAK,Qatar,Flights,ALL,1.58%
CheapFlights,Qatar,Flights,ALL,0.72%
Hotelscombined,Qatar,Flights,ALL,14.48%
Momondo,Qatar,Flights,ALL,0.71%
Momondo,Qatar,Hotel,ALL,3.68%
KAYAK,Qatar,Hotel,ALL,8.07%
Hotelscombined,Qatar,Hotel,ALL,7.71%
KAYAK,Qatar,Hotel Citywide,ALL,14.23%
Momondo,Qatar,Hotel Citywide,ALL,3.25%
Hotelscombined,Qatar,Hotel Citywide,ALL,6.34%
KAYAK,Romania,Car Rentals,ALL,25.01%
KAYAK,Romania,Flights,ALL,13.20%
CheapFlights,Romania,Flights,ALL,5.05%
Momondo,Romania,Flights,ALL,12.28%
Hotelscombined,Romania,Flights,ALL,1.14%
KAYAK,Romania,Hotel,ALL,9.15%
Hotelscombined,Romania,Hotel,ALL,6.17%
Momondo,Romania,Hotel,ALL,0.47%
KAYAK,Romania,Hotel Citywide,ALL,5.00%
Hotelscombined,Romania,Hotel Citywide,ALL,2.95%
Momondo,Romania,Hotel Citywide,ALL,1.23%
Hotelscombined,Romania,Vacations,ALL,24.55%
KAYAK,Rwanda,Flights,ALL,2.65%
CheapFlights,Rwanda,Flights,ALL,0.96%
Hotelscombined,Rwanda,Flights,ALL,6.10%
Momondo,Rwanda,Flights,ALL,0.77%
Momondo,Rwanda,Hotel,ALL,3.59%
KAYAK,Rwanda,Hotel,ALL,4.22%
Hotelscombined,Rwanda,Hotel,ALL,8.28%
KAYAK,Rwanda,Hotel Citywide,ALL,7.57%
Momondo,Rwanda,Hotel Citywide,ALL,3.87%
Hotelscombined,Rwanda,Hotel Citywide,ALL,1.32%
CheapFlights,Réunion,Flights,ALL,0.99%
Hotelscombined,Réunion,Flights,ALL,7.21%
KAYAK,Réunion,Flights,ALL,0.10%
Hotelscombined,Réunion,Hotel,ALL,2.63%
KAYAK,Réunion,Hotel,ALL,2.59%
KAYAK,Réunion,Hotel Citywide,ALL,1.23%
Hotelscombined,Réunion,Hotel Citywide,ALL,2.54%
KAYAK,Saint Barthélemy,Flights,ALL,0.72%
Hotelscombined,Saint Barthélemy,Flights,ALL,10.06%
KAYAK,Saint Barthélemy,Hotel,ALL,8.33%
Hotelscombined,Saint Barthélemy,Hotel,ALL,8.33%
KAYAK,Saint Barthélemy,Hotel Citywide,ALL,0.95%
Hotelscombined,Saint Barthélemy,Hotel Citywide,ALL,2.86%
CheapFlights,Saint Lucia,Flights,ALL,4.17%
Momondo,Saint Lucia,Flights,ALL,0.95%
KAYAK,Saint Lucia,Flights,ALL,1.43%
Hotelscombined,Saint Lucia,Flights,ALL,4.40%
Hotelscombined,Saint Lucia,Hotel,ALL,12.48%
KAYAK,Saint Lucia,Hotel,ALL,7.85%
Momondo,Saint Lucia,Hotel,ALL,4.26%
KAYAK,Saint Lucia,Hotel Citywide,ALL,6.64%
Momondo,Saint Lucia,Hotel Citywide,ALL,1.96%
Hotelscombined,Saint Lucia,Hotel Citywide,ALL,1.62%
CheapFlights,Saint Lucia,Hotel Citywide,ALL,0.04%
CheapFlights,Saint Martin,Flights,ALL,1.35%
Hotelscombined,Saint Martin,Flights,ALL,11.07%
KAYAK,Saint Martin,Flights,ALL,0.82%
Momondo,Saint Martin,Flights,ALL,0.30%
KAYAK,Saint Martin,Hotel,ALL,7.14%
Hotelscombined,Saint Martin,Hotel,ALL,10.71%
KAYAK,Saint Martin,Hotel Citywide,ALL,5.98%
Hotelscombined,Saint Martin,Hotel Citywide,ALL,4.46%
Momondo,Saint Martin,Hotel Citywide,ALL,1.85%
CheapFlights,Saint Martin,Hotel Citywide,ALL,0.11%
KAYAK,Saint Pierre and Miquelon,Flights,ALL,2.89%
Momondo,Saint Pierre and Miquelon,Flights,ALL,0.79%
CheapFlights,Saint Pierre and Miquelon,Flights,ALL,2.89%
Hotelscombined,Saint Pierre and Miquelon,Flights,ALL,7.88%
Hotelscombined,Saint Pierre and Miquelon,Hotel,ALL,3.67%
KAYAK,Saint Pierre and Miquelon,Hotel,ALL,5.67%
Momondo,Saint Pierre and Miquelon,Hotel,ALL,1.00%
KAYAK,Saint Pierre and Miquelon,Hotel Citywide,ALL,6.27%
Momondo,Saint Pierre and Miquelon,Hotel Citywide,ALL,2.52%
Hotelscombined,Saint Pierre and Miquelon,Hotel Citywide,ALL,2.87%
CheapFlights,Samoa,Flights,ALL,2.70%
KAYAK,Samoa,Flights,ALL,4.72%
Momondo,Samoa,Flights,ALL,4.72%
Hotelscombined,Samoa,Flights,ALL,5.39%
Hotelscombined,Samoa,Hotel,ALL,11.03%
KAYAK,Samoa,Hotel,ALL,4.90%
Momondo,Samoa,Hotel,ALL,0.49%
KAYAK,Samoa,Hotel Citywide,ALL,9.69%
Momondo,Samoa,Hotel Citywide,ALL,2.91%
Hotelscombined,Samoa,Hotel Citywide,ALL,1.23%
KAYAK,San Marino,Flights,ALL,14.70%
CheapFlights,San Marino,Flights,ALL,3.50%
Momondo,San Marino,Flights,ALL,4.23%
Hotelscombined,San Marino,Flights,ALL,5.20%
Momondo,San Marino,Hotel,ALL,1.28%
KAYAK,San Marino,Hotel,ALL,7.26%
Hotelscombined,San Marino,Hotel,ALL,3.85%
KAYAK,San Marino,Hotel Citywide,ALL,10.82%
Momondo,San Marino,Hotel Citywide,ALL,2.60%
Hotelscombined,San Marino,Hotel Citywide,ALL,4.23%
KAYAK,Saudi Arabia,Car Rentals,ALL,22.50%
Momondo,Saudi Arabia,Car Rentals,ALL,5.00%
Hotelscombined,Saudi Arabia,Flights,ALL,18.27%
KAYAK,Saudi Arabia,Flights,ALL,0.06%
CheapFlights,Saudi Arabia,Flights,ALL,0.03%
Momondo,Saudi Arabia,Flights,ALL,0.03%
Momondo,Saudi Arabia,Hotel,ALL,3.33%
KAYAK,Saudi Arabia,Hotel,ALL,7.32%
Hotelscombined,Saudi Arabia,Hotel,ALL,6.59%
KAYAK,Saudi Arabia,Hotel Citywide,ALL,3.80%
Momondo,Saudi Arabia,Hotel Citywide,ALL,1.55%
Hotelscombined,Saudi Arabia,Hotel Citywide,ALL,2.72%
KAYAK,Senegal,Flights,ALL,1.31%
Hotelscombined,Senegal,Flights,ALL,10.22%
CheapFlights,Senegal,Flights,ALL,0.61%
Momondo,Senegal,Flights,ALL,0.61%
Momondo,Senegal,Hotel,ALL,3.10%
KAYAK,Senegal,Hotel,ALL,5.79%
Hotelscombined,Senegal,Hotel,ALL,5.37%
KAYAK,Senegal,Hotel Citywide,ALL,4.69%
Momondo,Senegal,Hotel Citywide,ALL,2.20%
Hotelscombined,Senegal,Hotel Citywide,ALL,2.96%
KAYAK,Serbia,Car Rentals,ALL,22.23%
Momondo,Serbia,Car Rentals,ALL,2.78%
KAYAK,Serbia,Flights,ALL,12.22%
CheapFlights,Serbia,Flights,ALL,3.25%
Momondo,Serbia,Flights,ALL,4.93%
Hotelscombined,Serbia,Flights,ALL,7.08%
Momondo,Serbia,Hotel,ALL,2.92%
KAYAK,Serbia,Hotel,ALL,8.16%
Hotelscombined,Serbia,Hotel,ALL,3.67%
KAYAK,Serbia,Hotel Citywide,ALL,12.42%
Momondo,Serbia,Hotel Citywide,ALL,7.42%
Hotelscombined,Serbia,Hotel Citywide,ALL,8.21%
KAYAK,Seychelles,Flights,ALL,1.69%
CheapFlights,Seychelles,Flights,ALL,0.79%
Hotelscombined,Seychelles,Flights,ALL,6.76%
Momondo,Seychelles,Flights,ALL,1.35%
Momondo,Seychelles,Hotel,ALL,2.39%
Hotelscombined,Seychelles,Hotel,ALL,4.78%
KAYAK,Seychelles,Hotel,ALL,2.96%
KAYAK,Seychelles,Hotel Citywide,ALL,4.47%
Momondo,Seychelles,Hotel Citywide,ALL,2.86%
Hotelscombined,Seychelles,Hotel Citywide,ALL,2.55%
KAYAK,Sierra Leone,Flights,ALL,3.72%
CheapFlights,Sierra Leone,Flights,ALL,1.34%
Momondo,Sierra Leone,Flights,ALL,0.74%
Hotelscombined,Sierra Leone,Flights,ALL,7.59%
Momondo,Sierra Leone,Hotel,ALL,3.06%
Hotelscombined,Sierra Leone,Hotel,ALL,8.17%
KAYAK,Sierra Leone,Hotel,ALL,2.55%
KAYAK,Sierra Leone,Hotel Citywide,ALL,5.06%
Momondo,Sierra Leone,Hotel Citywide,ALL,2.76%
Hotelscombined,Sierra Leone,Hotel Citywide,ALL,1.72%
KAYAK,Singapore,Car Rentals,ALL,19.56%
Momondo,Singapore,Car Rentals,ALL,7.61%
CheapFlights,Singapore,Flights,ALL,10.65%
Momondo,Singapore,Flights,ALL,7.95%
KAYAK,Singapore,Flights,ALL,10.81%
Hotelscombined,Singapore,Flights,ALL,4.08%
Hotelscombined,Singapore,Hotel,ALL,11.09%
Momondo,Singapore,Hotel,ALL,1.34%
KAYAK,Singapore,Hotel,ALL,9.44%
Momondo,Singapore,Hotel Citywide,ALL,6.64%
KAYAK,Singapore,Hotel Citywide,ALL,2.36%
Hotelscombined,Singapore,Hotel Citywide,ALL,4.60%
Momondo,Sint Maarten,Flights,ALL,0.80%
KAYAK,Sint Maarten,Flights,ALL,0.96%
CheapFlights,Sint Maarten,Flights,ALL,0.88%
Hotelscombined,Sint Maarten,Flights,ALL,6.37%
KAYAK,Sint Maarten,Hotel,ALL,11.59%
Hotelscombined,Sint Maarten,Hotel,ALL,12.15%
Momondo,Sint Maarten,Hotel,ALL,1.68%
KAYAK,Sint Maarten,Hotel Citywide,ALL,7.31%
Momondo,Sint Maarten,Hotel Citywide,ALL,2.16%
Hotelscombined,Sint Maarten,Hotel Citywide,ALL,5.63%
KAYAK,Slovakia,Car Rentals,ALL,23.21%
Momondo,Slovakia,Car Rentals,ALL,3.57%
KAYAK,Slovakia,Flights,ALL,13.07%
CheapFlights,Slovakia,Flights,ALL,1.84%
Momondo,Slovakia,Flights,ALL,3.24%
Hotelscombined,Slovakia,Flights,ALL,5.25%
Momondo,Slovakia,Hotel,ALL,2.55%
KAYAK,Slovakia,Hotel,ALL,8.83%
Hotelscombined,Slovakia,Hotel,ALL,4.62%
KAYAK,Slovakia,Hotel Citywide,ALL,5.23%
Momondo,Slovakia,Hotel Citywide,ALL,3.06%
Hotelscombined,Slovakia,Hotel Citywide,ALL,2.97%
KAYAK,Slovenia,Car Rentals,ALL,16.67%
Momondo,Slovenia,Car Rentals,ALL,8.33%
KAYAK,Slovenia,Flights,ALL,15.06%
Momondo,Slovenia,Flights,ALL,4.97%
CheapFlights,Slovenia,Flights,ALL,2.66%
Hotelscombined,Slovenia,Flights,ALL,3.71%
Momondo,Slovenia,Hotel,ALL,2.70%
KAYAK,Slovenia,Hotel,ALL,9.01%
Hotelscombined,Slovenia,Hotel,ALL,4.10%
KAYAK,Slovenia,Hotel Citywide,ALL,10.33%
Momondo,Slovenia,Hotel Citywide,ALL,10.68%
Hotelscombined,Slovenia,Hotel Citywide,ALL,4.22%
Momondo,Solomon Islands,Flights,ALL,1.04%
KAYAK,Solomon Islands,Flights,ALL,2.08%
Hotelscombined,Solomon Islands,Flights,ALL,10.42%
Momondo,Solomon Islands,Hotel,ALL,3.06%
KAYAK,Solomon Islands,Hotel,ALL,5.10%
Hotelscombined,Solomon Islands,Hotel,ALL,10.21%
KAYAK,Solomon Islands,Hotel Citywide,ALL,13.03%
Momondo,Solomon Islands,Hotel Citywide,ALL,3.03%
Hotelscombined,Solomon Islands,Hotel Citywide,ALL,1.63%
KAYAK,Somalia,Flights,ALL,2.56%
CheapFlights,Somalia,Flights,ALL,1.41%
Hotelscombined,Somalia,Flights,ALL,8.11%
Momondo,Somalia,Flights,ALL,1.59%
Momondo,Somalia,Hotel,ALL,4.08%
KAYAK,Somalia,Hotel,ALL,5.10%
Hotelscombined,Somalia,Hotel,ALL,4.08%
KAYAK,Somalia,Hotel Citywide,ALL,5.17%
Momondo,Somalia,Hotel Citywide,ALL,2.93%
Hotelscombined,Somalia,Hotel Citywide,ALL,3.94%
KAYAK,South Africa,Car Rentals,ALL,20.50%
Momondo,South Africa,Car Rentals,ALL,3.13%
KAYAK,South Africa,Flights,ALL,12.76%
Momondo,South Africa,Flights,ALL,7.91%
CheapFlights,South Africa,Flights,ALL,3.36%
Hotelscombined,South Africa,Flights,ALL,2.74%
Momondo,South Africa,Hotel,ALL,4.08%
KAYAK,South Africa,Hotel,ALL,8.88%
Hotelscombined,South Africa,Hotel,ALL,8.24%
KAYAK,South Africa,Hotel Citywide,ALL,7.00%
Momondo,South Africa,Hotel Citywide,ALL,2.51%
Hotelscombined,South Africa,Hotel Citywide,ALL,1.92%
Hotelscombined,South Africa,Vacations,ALL,18.75%
KAYAK,South Korea,Car Rentals,ALL,17.50%
Momondo,South Korea,Car Rentals,ALL,8.75%
Momondo,South Korea,Flights,ALL,7.99%
CheapFlights,South Korea,Flights,ALL,4.50%
KAYAK,South Korea,Flights,ALL,7.85%
Momondo,South Korea,Hotel,ALL,2.03%
KAYAK,South Korea,Hotel,ALL,12.77%
Momondo,South Korea,Hotel Citywide,ALL,6.15%
KAYAK,South Korea,Hotel Citywide,ALL,1.24%
KAYAK,South Sudan,Flights,ALL,2.92%
CheapFlights,South Sudan,Flights,ALL,2.50%
Hotelscombined,South Sudan,Flights,ALL,5.84%
KAYAK,South Sudan,Hotel Citywide,ALL,2.54%
Hotelscombined,South Sudan,Hotel Citywide,ALL,2.96%
KAYAK,Spain,Car Rentals,ALL,16.78%
KAYAK,Spain,Flights,ALL,6.00%
CheapFlights,Spain,Flights,ALL,1.35%
Momondo,Spain,Flights,ALL,3.00%
Hotelscombined,Spain,Flights,ALL,0.20%
Hotelscombined,Spain,Hotel,ALL,9.12%
Momondo,Spain,Hotel,ALL,2.49%
KAYAK,Spain,Hotel,ALL,2.90%
KAYAK,Spain,Hotel Citywide,ALL,5.20%
Hotelscombined,Spain,Hotel Citywide,ALL,4.43%
Momondo,Spain,Hotel Citywide,ALL,3.53%
Hotelscombined,Spain,Vacations,ALL,9.70%
Momondo,Sri Lanka,Flights,ALL,2.09%
KAYAK,Sri Lanka,Flights,ALL,1.38%
CheapFlights,Sri Lanka,Flights,ALL,1.03%
Hotelscombined,Sri Lanka,Flights,ALL,6.54%
KAYAK,Sri Lanka,Hotel,ALL,8.39%
Hotelscombined,Sri Lanka,Hotel,ALL,11.27%
Momondo,Sri Lanka,Hotel,ALL,1.49%
KAYAK,Sri Lanka,Hotel Citywide,ALL,7.42%
Momondo,Sri Lanka,Hotel Citywide,ALL,2.17%
Hotelscombined,Sri Lanka,Hotel Citywide,ALL,2.70%
CheapFlights,St Kitts and Nevis,Flights,ALL,2.34%
KAYAK,St Kitts and Nevis,Flights,ALL,1.49%
Momondo,St Kitts and Nevis,Flights,ALL,0.85%
Hotelscombined,St Kitts and Nevis,Flights,ALL,5.11%
Hotelscombined,St Kitts and Nevis,Hotel,ALL,12.32%
KAYAK,St Kitts and Nevis,Hotel,ALL,5.72%
Momondo,St Kitts and Nevis,Hotel,ALL,2.14%
KAYAK,St Kitts and Nevis,Hotel Citywide,ALL,7.62%
Momondo,St Kitts and Nevis,Hotel Citywide,ALL,2.71%
Hotelscombined,St Kitts and Nevis,Hotel Citywide,ALL,2.81%
CheapFlights,St Kitts and Nevis,Hotel Citywide,ALL,0.03%
Momondo,St Vincent and Grenadines,Flights,ALL,1.19%
KAYAK,St Vincent and Grenadines,Flights,ALL,0.89%
CheapFlights,St Vincent and Grenadines,Flights,ALL,0.59%
Hotelscombined,St Vincent and Grenadines,Flights,ALL,5.05%
KAYAK,St Vincent and Grenadines,Hotel,ALL,3.74%
Hotelscombined,St Vincent and Grenadines,Hotel,ALL,7.85%
Momondo,St Vincent and Grenadines,Hotel,ALL,1.87%
KAYAK,St Vincent and Grenadines,Hotel Citywide,ALL,2.29%
Momondo,St Vincent and Grenadines,Hotel Citywide,ALL,0.91%
Hotelscombined,St Vincent and Grenadines,Hotel Citywide,ALL,1.39%
CheapFlights,St Vincent and Grenadines,Hotel Citywide,ALL,0.09%
Hotelscombined,Sudan,Flights,ALL,17.70%
CheapFlights,Sudan,Flights,ALL,0.17%
KAYAK,Sudan,Flights,ALL,0.04%
KAYAK,Sudan,Hotel,ALL,1.92%
Hotelscombined,Sudan,Hotel,ALL,1.92%
KAYAK,Sudan,Hotel Citywide,ALL,1.29%
Hotelscombined,Sudan,Hotel Citywide,ALL,4.40%
KAYAK,Suriname,Car Rentals,ALL,25.00%
KAYAK,Suriname,Flights,ALL,1.97%
Momondo,Suriname,Flights,ALL,1.51%
CheapFlights,Suriname,Flights,ALL,1.21%
Hotelscombined,Suriname,Flights,ALL,7.42%
Hotelscombined,Suriname,Hotel,ALL,9.22%
KAYAK,Suriname,Hotel,ALL,7.16%
Momondo,Suriname,Hotel,ALL,2.30%
KAYAK,Suriname,Hotel Citywide,ALL,6.52%
Momondo,Suriname,Hotel Citywide,ALL,2.33%
Hotelscombined,Suriname,Hotel Citywide,ALL,0.90%
KAYAK,Svalbard and Jan Mayen,Hotel,ALL,12.50%
KAYAK,Sweden,Car Rentals,ALL,24.54%
Momondo,Sweden,Flights,ALL,23.67%
KAYAK,Sweden,Flights,ALL,10.33%
CheapFlights,Sweden,Flights,ALL,2.32%
Hotelscombined,Sweden,Flights,ALL,0.55%
Momondo,Sweden,Hotel,ALL,0.82%
Hotelscombined,Sweden,Hotel,ALL,10.08%
KAYAK,Sweden,Hotel,ALL,2.14%
Momondo,Sweden,Hotel Citywide,ALL,7.72%
KAYAK,Sweden,Hotel Citywide,ALL,2.02%
Hotelscombined,Sweden,Hotel Citywide,ALL,4.28%
Hotelscombined,Sweden,Vacations,ALL,12.51%
KAYAK,Switzerland,Car Rentals,ALL,24.68%
KAYAK,Switzerland,Flights,ALL,12.06%
Momondo,Switzerland,Flights,ALL,5.15%
CheapFlights,Switzerland,Flights,ALL,4.14%
Hotelscombined,Switzerland,Flights,ALL,0.52%
Hotelscombined,Switzerland,Hotel,ALL,8.66%
KAYAK,Switzerland,Hotel,ALL,10.13%
Momondo,Switzerland,Hotel,ALL,1.96%
Momondo,Switzerland,Hotel Citywide,ALL,7.69%
KAYAK,Switzerland,Hotel Citywide,ALL,6.57%
Hotelscombined,Switzerland,Hotel Citywide,ALL,3.06%
Hotelscombined,Switzerland,Vacations,ALL,13.61%
CheapFlights,Syria,Flights,ALL,1.67%
KAYAK,Syria,Flights,ALL,0.87%
Hotelscombined,Syria,Flights,ALL,7.91%
Hotelscombined,Syria,Hotel,ALL,4.17%
KAYAK,Syria,Hotel,ALL,4.17%
KAYAK,Syria,Hotel Citywide,ALL,0.96%
Hotelscombined,Syria,Hotel Citywide,ALL,3.89%
KAYAK,São Tomé and Príncipe,Car Rentals,ALL,12.50%
Momondo,São Tomé and Príncipe,Car Rentals,ALL,25.00%
KAYAK,São Tomé and Príncipe,Flights,ALL,17.08%
CheapFlights,São Tomé and Príncipe,Flights,ALL,4.59%
Momondo,São Tomé and Príncipe,Flights,ALL,6.82%
Hotelscombined,São Tomé and Príncipe,Flights,ALL,2.30%
KAYAK,São Tomé and Príncipe,Hotel,ALL,5.56%
KAYAK,São Tomé and Príncipe,Hotel Citywide,ALL,10.87%
Momondo,São Tomé and Príncipe,Hotel Citywide,ALL,1.77%
Hotelscombined,São Tomé and Príncipe,Hotel Citywide,ALL,5.30%
CheapFlights,Taiwan,Flights,ALL,3.04%
KAYAK,Taiwan,Flights,ALL,1.90%
Hotelscombined,Taiwan,Flights,ALL,6.30%
Hotelscombined,Taiwan,Hotel,ALL,4.40%
KAYAK,Taiwan,Hotel,ALL,5.02%
Hotelscombined,Taiwan,Hotel Citywide,ALL,3.42%
KAYAK,Taiwan,Hotel Citywide,ALL,1.84%
Momondo,Tajikistan,Car Rentals,ALL,12.50%
KAYAK,Tajikistan,Car Rentals,ALL,17.86%
KAYAK,Tajikistan,Flights,ALL,1.44%
Hotelscombined,Tajikistan,Flights,ALL,9.08%
Momondo,Tajikistan,Flights,ALL,0.58%
CheapFlights,Tajikistan,Flights,ALL,0.58%
KAYAK,Tajikistan,Hotel,ALL,9.56%
Hotelscombined,Tajikistan,Hotel,ALL,9.56%
KAYAK,Tajikistan,Hotel Citywide,ALL,4.70%
Momondo,Tajikistan,Hotel Citywide,ALL,2.72%
Hotelscombined,Tajikistan,Hotel Citywide,ALL,1.91%
KAYAK,Tanzania,Car Rentals,ALL,25.00%
KAYAK,Tanzania,Flights,ALL,2.54%
CheapFlights,Tanzania,Flights,ALL,1.64%
Hotelscombined,Tanzania,Flights,ALL,9.25%
Momondo,Tanzania,Flights,ALL,1.40%
Momondo,Tanzania,Hotel,ALL,2.85%
KAYAK,Tanzania,Hotel,ALL,4.79%
Hotelscombined,Tanzania,Hotel,ALL,7.03%
KAYAK,Tanzania,Hotel Citywide,ALL,4.30%
Momondo,Tanzania,Hotel Citywide,ALL,2.36%
Hotelscombined,Tanzania,Hotel Citywide,ALL,1.31%
KAYAK,Thailand,Car Rentals,ALL,20.84%
Momondo,Thailand,Car Rentals,ALL,5.00%
Momondo,Thailand,Flights,ALL,5.15%
CheapFlights,Thailand,Flights,ALL,2.83%
KAYAK,Thailand,Flights,ALL,2.77%
Hotelscombined,Thailand,Flights,ALL,2.23%
Hotelscombined,Thailand,Hotel,ALL,11.14%
Momondo,Thailand,Hotel,ALL,1.27%
KAYAK,Thailand,Hotel,ALL,3.42%
Momondo,Thailand,Hotel Citywide,ALL,4.74%
Hotelscombined,Thailand,Hotel Citywide,ALL,2.26%
KAYAK,Thailand,Hotel Citywide,ALL,1.22%
Hotelscombined,Thailand,Vacations,ALL,12.51%
KAYAK,Timor-Leste,Flights,ALL,8.33%
CheapFlights,Timor-Leste,Flights,ALL,8.75%
Hotelscombined,Timor-Leste,Flights,ALL,7.47%
Hotelscombined,Timor-Leste,Hotel,ALL,9.29%
KAYAK,Timor-Leste,Hotel,ALL,6.43%
KAYAK,Timor-Leste,Hotel Citywide,ALL,2.49%
Hotelscombined,Timor-Leste,Hotel Citywide,ALL,4.63%
KAYAK,Togo,Car Rentals,ALL,25.00%
KAYAK,Togo,Flights,ALL,1.74%
CheapFlights,Togo,Flights,ALL,0.60%
Hotelscombined,Togo,Flights,ALL,7.61%
Momondo,Togo,Flights,ALL,0.55%
Momondo,Togo,Hotel,ALL,1.36%
KAYAK,Togo,Hotel,ALL,4.35%
Hotelscombined,Togo,Hotel,ALL,3.81%
KAYAK,Togo,Hotel Citywide,ALL,6.16%
Momondo,Togo,Hotel Citywide,ALL,3.42%
Hotelscombined,Togo,Hotel Citywide,ALL,2.66%
Momondo,Tokelau,Hotel Citywide,ALL,8.33%
KAYAK,Tonga,Flights,ALL,11.27%
Momondo,Tonga,Flights,ALL,5.64%
Hotelscombined,Tonga,Flights,ALL,8.05%
KAYAK,Tonga,Hotel,ALL,4.00%
Momondo,Tonga,Hotel,ALL,2.00%
Hotelscombined,Tonga,Hotel,ALL,9.00%
KAYAK,Tonga,Hotel Citywide,ALL,11.71%
Momondo,Tonga,Hotel Citywide,ALL,4.41%
Hotelscombined,Tonga,Hotel Citywide,ALL,5.87%
KAYAK,Trinidad and Tobago,Car Rentals,ALL,25.01%
Momondo,Trinidad and Tobago,Car Rentals,ALL,2.94%
KAYAK,Trinidad and Tobago,Flights,ALL,1.05%
CheapFlights,Trinidad and Tobago,Flights,ALL,0.85%
Momondo,Trinidad and Tobago,Flights,ALL,0.65%
Hotelscombined,Trinidad and Tobago,Flights,ALL,4.71%
KAYAK,Trinidad and Tobago,Hotel,ALL,6.41%
Momondo,Trinidad and Tobago,Hotel,ALL,2.07%
Hotelscombined,Trinidad and Tobago,Hotel,ALL,11.00%
KAYAK,Trinidad and Tobago,Hotel Citywide,ALL,8.17%
Momondo,Trinidad and Tobago,Hotel Citywide,ALL,3.03%
Hotelscombined,Trinidad and Tobago,Hotel Citywide,ALL,5.99%
CheapFlights,Trinidad and Tobago,Hotel Citywide,ALL,0.04%
KAYAK,Tunisia,Car Rentals,ALL,22.72%
Momondo,Tunisia,Car Rentals,ALL,4.54%
KAYAK,Tunisia,Flights,ALL,0.54%
Hotelscombined,Tunisia,Flights,ALL,5.02%
CheapFlights,Tunisia,Flights,ALL,0.30%
Momondo,Tunisia,Flights,ALL,0.23%
Momondo,Tunisia,Hotel,ALL,2.98%
KAYAK,Tunisia,Hotel,ALL,6.88%
Hotelscombined,Tunisia,Hotel,ALL,9.27%
KAYAK,Tunisia,Hotel Citywide,ALL,6.11%
Momondo,Tunisia,Hotel Citywide,ALL,2.46%
Hotelscombined,Tunisia,Hotel Citywide,ALL,3.76%
KAYAK,Turkey,Car Rentals,ALL,24.26%
CheapFlights,Turkey,Flights,ALL,5.74%
Hotelscombined,Turkey,Flights,ALL,10.63%
KAYAK,Turkey,Flights,ALL,3.40%
Momondo,Turkey,Flights,ALL,2.90%
Hotelscombined,Turkey,Hotel,ALL,13.40%
KAYAK,Turkey,Hotel,ALL,0.89%
Momondo,Turkey,Hotel,ALL,0.88%
Hotelscombined,Turkey,Hotel Citywide,ALL,7.22%
Momondo,Turkey,Hotel Citywide,ALL,6.71%
KAYAK,Turkey,Hotel Citywide,ALL,4.69%
KAYAK,Turkmenistan,Hotel Citywide,ALL,12.10%
Momondo,Turkmenistan,Hotel Citywide,ALL,1.51%
Hotelscombined,Turkmenistan,Hotel Citywide,ALL,1.51%
Momondo,Turks and Caicos Islands,Flights,ALL,0.79%
KAYAK,Turks and Caicos Islands,Flights,ALL,0.79%
Hotelscombined,Turks and Caicos Islands,Flights,ALL,7.61%
CheapFlights,Turks and Caicos Islands,Flights,ALL,0.26%
KAYAK,Turks and Caicos Islands,Hotel,ALL,3.91%
Momondo,Turks and Caicos Islands,Hotel,ALL,1.71%
Hotelscombined,Turks and Caicos Islands,Hotel,ALL,10.74%
KAYAK,Turks and Caicos Islands,Hotel Citywide,ALL,7.09%
Momondo,Turks and Caicos Islands,Hotel Citywide,ALL,1.27%
Hotelscombined,Turks and Caicos Islands,Hotel Citywide,ALL,2.85%
Hotelscombined,Turks and Caicos Islands,Vacations,ALL,25.00%
CheapFlights,Tuvalu,Flights,ALL,18.75%
Momondo,Tuvalu,Hotel Citywide,ALL,6.95%
KAYAK,Tuvalu,Hotel Citywide,ALL,2.78%
Hotelscombined,Tuvalu,Hotel Citywide,ALL,2.08%
KAYAK,U.S. Virgin Islands,Car Rentals,ALL,25.00%
Hotelscombined,U.S. Virgin Islands,Flights,ALL,3.13%
KAYAK,U.S. Virgin Islands,Flights,ALL,0.08%
CheapFlights,U.S. Virgin Islands,Flights,ALL,0.06%
Momondo,U.S. Virgin Islands,Flights,ALL,0.03%
Momondo,U.S. Virgin Islands,Hotel,ALL,2.14%
KAYAK,U.S. Virgin Islands,Hotel,ALL,4.06%
Hotelscombined,U.S. Virgin Islands,Hotel,ALL,11.62%
KAYAK,U.S. Virgin Islands,Hotel Citywide,ALL,7.41%
Momondo,U.S. Virgin Islands,Hotel Citywide,ALL,1.32%
Hotelscombined,U.S. Virgin Islands,Hotel Citywide,ALL,2.88%
CheapFlights,U.S. Virgin Islands,Hotel Citywide,ALL,0.05%
Hotelscombined,U.S. Virgin Islands,Vacations,ALL,18.75%
KAYAK,Uganda,Flights,ALL,3.19%
CheapFlights,Uganda,Flights,ALL,1.53%
Momondo,Uganda,Flights,ALL,0.87%
Hotelscombined,Uganda,Flights,ALL,5.59%
Momondo,Uganda,Hotel,ALL,3.43%
KAYAK,Uganda,Hotel,ALL,4.85%
Hotelscombined,Uganda,Hotel,ALL,7.75%
KAYAK,Uganda,Hotel Citywide,ALL,7.24%
Momondo,Uganda,Hotel Citywide,ALL,3.23%
Hotelscombined,Uganda,Hotel Citywide,ALL,1.28%
KAYAK,United Arab Emirates,Car Rentals,ALL,22.63%
Momondo,United Arab Emirates,Car Rentals,ALL,4.76%
KAYAK,United Arab Emirates,Flights,ALL,1.56%
CheapFlights,United Arab Emirates,Flights,ALL,1.22%
Hotelscombined,United Arab Emirates,Flights,ALL,15.28%
Momondo,United Arab Emirates,Flights,ALL,0.48%
Momondo,United Arab Emirates,Hotel,ALL,2.99%
Hotelscombined,United Arab Emirates,Hotel,ALL,8.33%
KAYAK,United Arab Emirates,Hotel,ALL,7.04%
KAYAK,United Arab Emirates,Hotel Citywide,ALL,5.05%
Momondo,United Arab Emirates,Hotel Citywide,ALL,8.74%
Hotelscombined,United Arab Emirates,Hotel Citywide,ALL,7.41%
KAYAK,United Kingdom,Car Rentals,ALL,16.53%
KAYAK,United Kingdom,Flights,ALL,10.00%
CheapFlights,United Kingdom,Flights,ALL,2.50%
Momondo,United Kingdom,Flights,ALL,3.41%
Hotelscombined,United Kingdom,Flights,ALL,3.00%
KAYAK,United Kingdom,Hotel,ALL,8.51%
Momondo,United Kingdom,Hotel,ALL,1.31%
Hotelscombined,United Kingdom,Hotel,ALL,11.66%
KAYAK,United Kingdom,Hotel Citywide,ALL,6.36%
Momondo,United Kingdom,Hotel Citywide,ALL,3.34%
Hotelscombined,United Kingdom,Hotel Citywide,ALL,1.46%
KAYAK,United Kingdom,Vacations,ALL,6.50%
Hotelscombined,United Kingdom,Vacations,ALL,3.50%
KAYAK,United States,Car Rentals,ALL,8.25%
Travelsearch,United States,Car Rentals,ALL,3.95%
Momondo,United States,Car Rentals,ALL,0.57%
KAYAK,United States,Flights,ALL,15.10%
CheapFlights,United States,Flights,ALL,0.73%
Travelsearch,United States,Flights,ALL,2.26%
Momondo,United States,Flights,ALL,0.07%
Hotelscombined,United States,Flights,ALL,1.08%
KAYAK,United States,Hotel,ALL,4.00%
Momondo,United States,Hotel,ALL,0.49%
Hotelscombined,United States,Hotel,ALL,3.60%
KAYAK,United States,Hotel Citywide,ALL,9.00%
Momondo,United States,Hotel Citywide,ALL,1.08%
Hotelscombined,United States,Hotel Citywide,ALL,2.52%
CheapFlights,United States,Hotel Citywide,ALL,0.01%
Hotelscombined,United States,Vacations,ALL,11.53%
KAYAK,Uruguay,Car Rentals,ALL,20.48%
Momondo,Uruguay,Car Rentals,ALL,4.55%
KAYAK,Uruguay,Flights,ALL,1.93%
CheapFlights,Uruguay,Flights,ALL,0.77%
Hotelscombined,Uruguay,Flights,ALL,5.93%
Momondo,Uruguay,Flights,ALL,0.70%
Momondo,Uruguay,Hotel,ALL,2.21%
Hotelscombined,Uruguay,Hotel,ALL,9.85%
KAYAK,Uruguay,Hotel,ALL,8.80%
KAYAK,Uruguay,Hotel Citywide,ALL,4.77%
Momondo,Uruguay,Hotel Citywide,ALL,3.75%
Hotelscombined,Uruguay,Hotel Citywide,ALL,2.78%
KAYAK,Uzbekistan,Car Rentals,ALL,25.00%
KAYAK,Uzbekistan,Flights,ALL,2.42%
Momondo,Uzbekistan,Flights,ALL,1.43%
Hotelscombined,Uzbekistan,Flights,ALL,9.45%
CheapFlights,Uzbekistan,Flights,ALL,0.79%
KAYAK,Uzbekistan,Hotel,ALL,9.75%
Hotelscombined,Uzbekistan,Hotel,ALL,9.98%
Momondo,Uzbekistan,Hotel,ALL,1.47%
KAYAK,Uzbekistan,Hotel Citywide,ALL,6.28%
Momondo,Uzbekistan,Hotel Citywide,ALL,1.93%
Hotelscombined,Uzbekistan,Hotel Citywide,ALL,3.15%
Momondo,Vanuatu,Flights,ALL,2.95%
KAYAK,Vanuatu,Flights,ALL,0.81%
Hotelscombined,Vanuatu,Flights,ALL,2.68%
Hotelscombined,Vanuatu,Hotel,ALL,10.21%
Momondo,Vanuatu,Hotel,ALL,3.49%
KAYAK,Vanuatu,Hotel,ALL,8.33%
KAYAK,Vanuatu,Hotel Citywide,ALL,2.37%
Momondo,Vanuatu,Hotel Citywide,ALL,1.63%
Hotelscombined,Vanuatu,Hotel Citywide,ALL,1.66%
KAYAK,Vatican City,Flights,ALL,5.88%
CheapFlights,Vatican City,Flights,ALL,18.38%
Hotelscombined,Vatican City,Flights,ALL,10.66%
Hotelscombined,Vatican City,Hotel,ALL,6.25%
KAYAK,Vatican City,Hotel,ALL,6.25%
KAYAK,Vatican City,Hotel Citywide,ALL,4.96%
Hotelscombined,Vatican City,Hotel Citywide,ALL,6.56%
KAYAK,Venezuela,Car Rentals,ALL,28.56%
Momondo,Venezuela,Car Rentals,ALL,3.57%
KAYAK,Venezuela,Flights,ALL,1.28%
CheapFlights,Venezuela,Flights,ALL,0.65%
Hotelscombined,Venezuela,Flights,ALL,3.41%
Momondo,Venezuela,Flights,ALL,0.55%
Momondo,Venezuela,Hotel,ALL,3.03%
Hotelscombined,Venezuela,Hotel,ALL,10.45%
KAYAK,Venezuela,Hotel,ALL,5.24%
KAYAK,Venezuela,Hotel Citywide,ALL,7.39%
Momondo,Venezuela,Hotel Citywide,ALL,6.91%
Hotelscombined,Venezuela,Hotel Citywide,ALL,1.57%
Hotelscombined,Venezuela,Vacations,ALL,24.96%
KAYAK,Vietnam,Car Rentals,ALL,25.00%
Momondo,Vietnam,Flights,ALL,3.55%
CheapFlights,Vietnam,Flights,ALL,2.10%
Hotelscombined,Vietnam,Flights,ALL,7.48%
KAYAK,Vietnam,Flights,ALL,1.08%
Hotelscombined,Vietnam,Hotel,ALL,11.26%
Momondo,Vietnam,Hotel,ALL,1.27%
KAYAK,Vietnam,Hotel,ALL,6.02%
Momondo,Vietnam,Hotel Citywide,ALL,7.12%
Hotelscombined,Vietnam,Hotel Citywide,ALL,2.81%
KAYAK,Vietnam,Hotel Citywide,ALL,0.46%
CheapFlights,Wallis and Futuna,Flights,ALL,2.08%
KAYAK,Wallis and Futuna,Flights,ALL,4.17%
Momondo,Wallis and Futuna,Flights,ALL,6.25%
Momondo,Wallis and Futuna,Hotel Citywide,ALL,5.87%
KAYAK,Wallis and Futuna,Hotel Citywide,ALL,1.96%
Hotelscombined,Wallis and Futuna,Hotel Citywide,ALL,5.31%
CheapFlights,Yemen,Flights,ALL,0.33%
KAYAK,Yemen,Flights,ALL,0.33%
Hotelscombined,Yemen,Flights,ALL,7.92%
Momondo,Yemen,Hotel,ALL,5.25%
KAYAK,Yemen,Hotel,ALL,10.51%
Hotelscombined,Yemen,Hotel,ALL,10.51%
KAYAK,Yemen,Hotel Citywide,ALL,2.63%
Momondo,Yemen,Hotel Citywide,ALL,2.12%
Hotelscombined,Yemen,Hotel Citywide,ALL,2.54%
CheapFlights,Zambia,Flights,ALL,1.84%
Momondo,Zambia,Flights,ALL,0.98%
KAYAK,Zambia,Flights,ALL,2.31%
Hotelscombined,Zambia,Flights,ALL,6.79%
Momondo,Zambia,Hotel,ALL,5.17%
Hotelscombined,Zambia,Hotel,ALL,7.32%
KAYAK,Zambia,Hotel,ALL,5.36%
KAYAK,Zambia,Hotel Citywide,ALL,3.04%
Momondo,Zambia,Hotel Citywide,ALL,1.23%
Hotelscombined,Zambia,Hotel Citywide,ALL,1.35%
KAYAK,Zimbabwe,Flights,ALL,1.20%
CheapFlights,Zimbabwe,Flights,ALL,0.68%
Momondo,Zimbabwe,Flights,ALL,0.76%
Hotelscombined,Zimbabwe,Flights,ALL,6.21%
Momondo,Zimbabwe,Hotel,ALL,9.15%
Hotelscombined,Zimbabwe,Hotel,ALL,8.07%
KAYAK,Zimbabwe,Hotel,ALL,6.89%
KAYAK,Zimbabwe,Hotel Citywide,ALL,8.32%
Momondo,Zimbabwe,Hotel Citywide,ALL,4.21%
Hotelscombined,Zimbabwe,Hotel Citywide,ALL,1.27%
CheapFlights,Åland,Flights,ALL,12.13%
KAYAK,Åland,Flights,ALL,2.14%
Hotelscombined,Åland,Flights,ALL,12.85%
Hotelscombined,Åland,Hotel,ALL,4.25%
KAYAK,Åland,Hotel,ALL,3.31%
KAYAK,Åland,Hotel Citywide,ALL,2.50%
Hotelscombined,Åland,Hotel Citywide,ALL,2.06%